# Blender 4.3.2
# www.blender.org
mtllib white-room1.mtl
o door_Cube.025
v -0.843853 2.235007 -3.939801
v -0.835797 2.234213 -3.939801
v -0.843853 2.235007 -3.944351
v -0.851908 2.234213 -3.939801
v -0.843714 2.227831 -3.939562
v -0.837073 2.227171 -3.939561
v -0.843730 2.225561 -3.939590
v -0.850354 2.227164 -3.939561
v -0.849932 2.224950 -3.939590
v -0.856725 2.225196 -3.939560
v -0.855894 2.223141 -3.939590
v -0.862574 2.222013 -3.939559
v -0.859653 2.231864 -3.939801
v -0.866792 2.228048 -3.939801
v -0.859653 2.231864 -3.944351
v -0.857807 2.227407 -3.944351
v -0.851908 2.234213 -3.944351
v -0.866792 2.228048 -3.944351
v -0.864112 2.224037 -3.944351
v -0.873049 2.222913 -3.944351
v -0.869637 2.219502 -3.944351
v -0.873049 2.222913 -3.939801
v -0.878184 2.216656 -3.944351
v -0.874173 2.213976 -3.944351
v -0.878184 2.216656 -3.939801
v -0.881999 2.209518 -3.944351
v -0.877542 2.207672 -3.944351
v -0.881999 2.209518 -3.939801
v -0.884349 2.201772 -3.944351
v -0.879617 2.200831 -3.944351
v -0.884349 2.201772 -3.939801
v -0.885143 2.193717 -3.944351
v -0.880318 2.193717 -3.944351
v -0.885143 2.193717 -3.939801
v -0.884349 2.185662 -3.944351
v -0.879617 2.186603 -3.944351
v -0.884349 2.185662 -3.939801
v -0.881999 2.177916 -3.944351
v -0.877542 2.179762 -3.944351
v -0.881999 2.177916 -3.939801
v -0.878184 2.170777 -3.944351
v -0.874173 2.173458 -3.944351
v -0.878184 2.170777 -3.939801
v -0.873049 2.164520 -3.944351
v -0.869638 2.167932 -3.944351
v -0.873049 2.164520 -3.939801
v -0.866792 2.159385 -3.944351
v -0.864112 2.163397 -3.944351
v -0.866792 2.159385 -3.939801
v -0.859653 2.155570 -3.944351
v -0.857807 2.160027 -3.944351
v -0.859653 2.155570 -3.939801
v -0.851908 2.153220 -3.944351
v -0.850966 2.157952 -3.944351
v -0.851908 2.153220 -3.939801
v -0.843853 2.152427 -3.944351
v -0.843853 2.157251 -3.944351
v -0.843853 2.152427 -3.939801
v -0.835797 2.153220 -3.944351
v -0.836738 2.157952 -3.944351
v -0.835797 2.153220 -3.939801
v -0.828051 2.155570 -3.944351
v -0.829898 2.160027 -3.944351
v -0.828051 2.155570 -3.939801
v -0.820913 2.159385 -3.944351
v -0.823593 2.163397 -3.944351
v -0.820913 2.159385 -3.939801
v -0.814656 2.164520 -3.944351
v -0.818067 2.167932 -3.944351
v -0.814656 2.164520 -3.939801
v -0.809521 2.170777 -3.944351
v -0.813532 2.173458 -3.944351
v -0.809521 2.170777 -3.939801
v -0.805705 2.177916 -3.944351
v -0.810163 2.179762 -3.944351
v -0.805705 2.177916 -3.939801
v -0.803356 2.185662 -3.944351
v -0.808087 2.186603 -3.944351
v -0.803356 2.185662 -3.939801
v -0.802562 2.193717 -3.944351
v -0.807387 2.193717 -3.944351
v -0.802562 2.193717 -3.939801
v -0.803356 2.201772 -3.944351
v -0.808087 2.200831 -3.944351
v -0.803356 2.201772 -3.939801
v -0.805705 2.209518 -3.944351
v -0.810163 2.207672 -3.944351
v -0.805705 2.209518 -3.939801
v -0.809521 2.216656 -3.944351
v -0.813532 2.213976 -3.944351
v -0.809521 2.216656 -3.939801
v -0.814656 2.222913 -3.944351
v -0.818067 2.219502 -3.944351
v -0.814656 2.222913 -3.939801
v -0.820913 2.228048 -3.944351
v -0.823593 2.224037 -3.944351
v -0.820913 2.228048 -3.939801
v -0.828051 2.231864 -3.944351
v -0.829898 2.227407 -3.944351
v -0.828051 2.231864 -3.939801
v -0.835797 2.234213 -3.944351
v -0.836738 2.229482 -3.944351
v -0.836738 2.229482 -3.962344
v -0.843853 2.230183 -3.944351
v -0.843853 2.230183 -3.962344
v -0.850966 2.229482 -3.944351
v -0.850966 2.229482 -3.962344
v -0.857807 2.227407 -3.962344
v -0.864112 2.224037 -3.962344
v -0.869637 2.219502 -3.962344
v -0.874173 2.213976 -3.962344
v -0.877542 2.207672 -3.962344
v -0.879617 2.200831 -3.962344
v -0.880318 2.193717 -3.962344
v -0.879617 2.186603 -3.962344
v -0.877542 2.179762 -3.962344
v -0.874173 2.173458 -3.962344
v -0.869638 2.167932 -3.962344
v -0.864112 2.163397 -3.962344
v -0.857807 2.160027 -3.962344
v -0.850966 2.157952 -3.962344
v -0.843853 2.157251 -3.962344
v -0.836738 2.157952 -3.962344
v -0.829898 2.160027 -3.962344
v -0.823593 2.163397 -3.962344
v -0.818067 2.167932 -3.962344
v -0.813532 2.173458 -3.962344
v -0.810163 2.179762 -3.962344
v -0.808087 2.186603 -3.962344
v -0.807387 2.193717 -3.962344
v -0.808087 2.200831 -3.962344
v -0.810163 2.207672 -3.962344
v -0.813532 2.213976 -3.962344
v -0.818067 2.219502 -3.962344
v -0.823593 2.224037 -3.962344
v -0.829898 2.227407 -3.962344
v -0.830696 2.225210 -3.939560
v -0.831567 2.223141 -3.939590
v -0.824839 2.222031 -3.939559
v -0.826071 2.220204 -3.939590
v -0.819729 2.217767 -3.939557
v -0.821255 2.216251 -3.939590
v -0.815559 2.212595 -3.939555
v -0.817302 2.211434 -3.939590
v -0.812479 2.206721 -3.939553
v -0.814364 2.205939 -3.939590
v -0.810590 2.200373 -3.939552
v -0.812556 2.199976 -3.939590
v -0.809953 2.193786 -3.939552
v -0.811945 2.193775 -3.939590
v -0.810591 2.187198 -3.939552
v -0.812556 2.187574 -3.939590
v -0.812482 2.180851 -3.939553
v -0.814364 2.181611 -3.939590
v -0.815564 2.174978 -3.939555
v -0.817302 2.176116 -3.939590
v -0.819734 2.169806 -3.939557
v -0.821255 2.171299 -3.939590
v -0.824843 2.165544 -3.939559
v -0.826072 2.167346 -3.939590
v -0.830700 2.162366 -3.939560
v -0.831567 2.164409 -3.939590
v -0.837075 2.160406 -3.939561
v -0.837529 2.162600 -3.939590
v -0.843714 2.159745 -3.939561
v -0.843730 2.161989 -3.939590
v -0.850351 2.160413 -3.939561
v -0.849932 2.162600 -3.939590
v -0.856721 2.162379 -3.939560
v -0.855894 2.164409 -3.939590
v -0.862570 2.165562 -3.939558
v -0.861390 2.167346 -3.939590
v -0.867670 2.169826 -3.939556
v -0.866206 2.171299 -3.939590
v -0.871830 2.174996 -3.939554
v -0.870159 2.176116 -3.939590
v -0.874904 2.180864 -3.939552
v -0.873097 2.181611 -3.939590
v -0.876791 2.187205 -3.939551
v -0.874906 2.187574 -3.939590
v -0.877427 2.193786 -3.939551
v -0.875516 2.193775 -3.939590
v -0.876792 2.200366 -3.939551
v -0.874906 2.199976 -3.939590
v -0.874907 2.206708 -3.939552
v -0.873097 2.205939 -3.939590
v -0.871834 2.212577 -3.939554
v -0.870159 2.211434 -3.939590
v -0.867674 2.217748 -3.939556
v -0.866206 2.216251 -3.939590
v -0.861390 2.220204 -3.939590
v -0.874650 2.216228 -3.949524
v -0.879082 2.210829 -3.949524
v -0.869251 2.220660 -3.949524
v -0.863091 2.223952 -3.949524
v -0.856406 2.225980 -3.949524
v -0.849455 2.226665 -3.949524
v -0.842504 2.225980 -3.949524
v -0.835819 2.223952 -3.949524
v -0.837529 2.224950 -3.939590
v -0.829659 2.220660 -3.949524
v -0.824260 2.216228 -3.949524
v -0.819828 2.210829 -3.949524
v -0.816535 2.204668 -3.949524
v -0.814508 2.197984 -3.949524
v -0.813823 2.191032 -3.949524
v -0.814508 2.184081 -3.949524
v -0.816535 2.177397 -3.949524
v -0.819828 2.171237 -3.949524
v -0.824260 2.165837 -3.949524
v -0.829659 2.161406 -3.949524
v -0.835819 2.158113 -3.949524
v -0.842504 2.156085 -3.949524
v -0.849455 2.155401 -3.949524
v -0.856406 2.156085 -3.949524
v -0.863091 2.158113 -3.949524
v -0.869251 2.161406 -3.949524
v -0.874650 2.165837 -3.949524
v -0.879082 2.171237 -3.949524
v -0.882375 2.177397 -3.949524
v -0.884402 2.184081 -3.949524
v -0.885087 2.191032 -3.949524
v -0.884402 2.197984 -3.949524
v -0.882375 2.204669 -3.949524
v -0.839006 2.011369 -3.946688
v -0.823843 2.002614 -3.946688
v -0.854168 2.002614 -3.946688
v -0.839006 2.011369 -3.918863
v -0.823843 2.002614 -3.918863
v -0.839006 2.008758 -3.916603
v -0.854168 2.002614 -3.918863
v -0.851908 2.001309 -3.916603
v -0.854168 1.985106 -3.918863
v -0.851908 1.986411 -3.916603
v -0.839006 1.976352 -3.918863
v -0.854168 1.985106 -3.946688
v -0.839006 1.976352 -3.946688
v -0.823843 1.985106 -3.946688
v -0.823843 1.985106 -3.918863
v -0.826104 1.986411 -3.916603
v -0.826104 2.001309 -3.916603
v -0.839006 1.978962 -3.916603
v -0.852478 0.734240 -3.913076
v -0.852478 0.734240 -3.880836
v -0.884718 0.734240 -3.913076
v -0.852478 0.827424 -3.913076
v -0.852478 0.920609 -3.913076
v -0.884718 0.827424 -3.913076
v -0.852478 0.827424 -3.880836
v -0.852478 0.827424 -3.943462
v -0.852478 0.920609 -3.943462
v -0.884718 0.827424 -3.943462
v -0.884718 0.920609 -3.943462
v -0.884718 0.920609 -3.913076
v -0.884718 1.013793 -3.913076
v -0.884718 0.920609 -3.880836
v -0.884718 1.013793 -3.880836
v -0.884718 0.827424 -3.880836
v -0.852478 0.920609 -3.880836
v -0.852478 1.013793 -3.880836
v -0.852478 1.013793 -3.913076
v -0.884718 0.734240 -3.880836
v -0.924261 0.028798 -3.938848
v -0.924261 0.028798 -3.964248
v -0.009861 0.028798 -3.938848
v -0.924261 0.706131 -3.938848
v -0.787101 0.130398 -3.938848
v -0.147021 0.130398 -3.938848
v -0.787101 0.604531 -3.938848
v -0.780685 0.120363 -3.948594
v -0.150159 0.120363 -3.948594
v -0.780685 0.587419 -3.948594
v -0.150159 0.587419 -3.948594
v -0.147021 0.604531 -3.938848
v -0.009861 0.706131 -3.938848
v -0.009861 1.383464 -3.938848
v -0.009861 0.706131 -3.964248
v -0.147021 0.807731 -3.938848
v -0.147021 1.281864 -3.938848
v -0.787101 0.807731 -3.938848
v -0.150159 0.797696 -3.948594
v -0.150159 1.264753 -3.948594
v -0.780685 0.797696 -3.948594
v -0.780685 1.264753 -3.948594
v -0.787101 1.281864 -3.938848
v -0.924261 1.383464 -3.938848
v -0.924261 2.060798 -3.938848
v -0.787101 1.485064 -3.938848
v -0.924261 1.383464 -3.964248
v -0.924261 0.706131 -3.964248
v -0.924261 2.060798 -3.964248
v -0.009861 2.060798 -3.964248
v -0.009861 2.060798 -3.938848
v -0.009861 1.383464 -3.964248
v -0.147021 1.959198 -3.938848
v -0.787101 1.959198 -3.938848
v -0.147021 1.485064 -3.938848
v -0.150159 1.942086 -3.948594
v -0.780685 1.942086 -3.948594
v -0.150159 1.475030 -3.948594
v -0.780685 1.475030 -3.948594
v -0.009861 0.028798 -3.964248
v -0.869468 1.801331 -3.932869
v -0.869468 1.801331 -3.938965
v -0.869468 2.247299 -3.933762
v -0.819192 1.801331 -3.932869
v -0.819192 1.801331 -3.938965
v -0.819192 2.247299 -3.933762
v -0.819192 2.242989 -3.938073
v -0.819192 2.262840 -3.950567
v -0.819192 2.256744 -3.950567
v -0.869468 2.262840 -3.950567
v -0.819192 2.262840 -3.960561
v -0.819192 2.256744 -3.960561
v -0.869468 2.262840 -3.960561
v -0.869468 2.256744 -3.960561
v -0.869468 2.256744 -3.950567
v -0.869468 2.242989 -3.938073
v -0.107628 1.801331 -3.932869
v -0.107628 1.801331 -3.938965
v -0.107628 2.247299 -3.933762
v -0.057353 1.801331 -3.932869
v -0.057353 1.801331 -3.938965
v -0.057353 2.247299 -3.933762
v -0.057353 2.242989 -3.938073
v -0.057353 2.262840 -3.950567
v -0.057353 2.256744 -3.950567
v -0.107628 2.262840 -3.950567
v -0.057353 2.262840 -3.960561
v -0.057353 2.256744 -3.960561
v -0.107628 2.262840 -3.960561
v -0.107628 2.256744 -3.960561
v -0.107628 2.256744 -3.950567
v -0.107628 2.242989 -3.938073
v -0.082013 2.235007 -3.939801
v -0.073958 2.234213 -3.939801
v -0.082013 2.235007 -3.944351
v -0.090068 2.234213 -3.939801
v -0.081875 2.227831 -3.939562
v -0.075233 2.227171 -3.939561
v -0.081891 2.225561 -3.939590
v -0.088514 2.227164 -3.939561
v -0.088092 2.224950 -3.939590
v -0.094886 2.225196 -3.939560
v -0.094055 2.223141 -3.939590
v -0.100735 2.222013 -3.939559
v -0.097814 2.231864 -3.939801
v -0.104953 2.228048 -3.939801
v -0.097814 2.231864 -3.944351
v -0.095968 2.227407 -3.944351
v -0.090068 2.234213 -3.944351
v -0.104953 2.228048 -3.944351
v -0.102273 2.224037 -3.944351
v -0.111210 2.222913 -3.944351
v -0.107798 2.219502 -3.944351
v -0.111210 2.222913 -3.939801
v -0.116344 2.216656 -3.944351
v -0.112333 2.213976 -3.944351
v -0.116344 2.216656 -3.939801
v -0.120160 2.209518 -3.944351
v -0.115703 2.207672 -3.944351
v -0.120160 2.209518 -3.939801
v -0.122510 2.201772 -3.944351
v -0.117778 2.200831 -3.944351
v -0.122510 2.201772 -3.939801
v -0.123303 2.193717 -3.944351
v -0.118479 2.193717 -3.944351
v -0.123303 2.193717 -3.939801
v -0.122510 2.185662 -3.944351
v -0.117778 2.186603 -3.944351
v -0.122510 2.185662 -3.939801
v -0.120160 2.177916 -3.944351
v -0.115703 2.179762 -3.944351
v -0.120160 2.177916 -3.939801
v -0.116345 2.170777 -3.944351
v -0.112333 2.173458 -3.944351
v -0.116345 2.170777 -3.939801
v -0.111210 2.164520 -3.944351
v -0.107798 2.167932 -3.944351
v -0.111210 2.164520 -3.939801
v -0.104953 2.159385 -3.944351
v -0.102273 2.163397 -3.944351
v -0.104953 2.159385 -3.939801
v -0.097814 2.155570 -3.944351
v -0.095968 2.160027 -3.944351
v -0.097814 2.155570 -3.939801
v -0.090068 2.153220 -3.944351
v -0.089127 2.157952 -3.944351
v -0.090068 2.153220 -3.939801
v -0.082013 2.152427 -3.944351
v -0.082013 2.157251 -3.944351
v -0.082013 2.152427 -3.939801
v -0.073958 2.153220 -3.944351
v -0.074899 2.157952 -3.944351
v -0.073958 2.153220 -3.939801
v -0.066212 2.155570 -3.944351
v -0.068058 2.160027 -3.944351
v -0.066212 2.155570 -3.939801
v -0.059074 2.159385 -3.944351
v -0.061754 2.163397 -3.944351
v -0.059074 2.159385 -3.939801
v -0.052817 2.164520 -3.944351
v -0.056228 2.167932 -3.944351
v -0.052817 2.164520 -3.939801
v -0.047682 2.170777 -3.944351
v -0.051693 2.173458 -3.944351
v -0.047682 2.170777 -3.939801
v -0.043866 2.177916 -3.944351
v -0.048323 2.179762 -3.944351
v -0.043866 2.177916 -3.939801
v -0.041516 2.185662 -3.944351
v -0.046248 2.186603 -3.944351
v -0.041516 2.185662 -3.939801
v -0.040723 2.193717 -3.944351
v -0.045547 2.193717 -3.944351
v -0.040723 2.193717 -3.939801
v -0.041516 2.201772 -3.944351
v -0.046248 2.200831 -3.944351
v -0.041516 2.201772 -3.939801
v -0.043866 2.209518 -3.944351
v -0.048323 2.207672 -3.944351
v -0.043866 2.209518 -3.939801
v -0.047682 2.216656 -3.944351
v -0.051693 2.213976 -3.944351
v -0.047682 2.216656 -3.939801
v -0.052817 2.222913 -3.944351
v -0.056228 2.219502 -3.944351
v -0.052817 2.222913 -3.939801
v -0.059074 2.228048 -3.944351
v -0.061754 2.224037 -3.944351
v -0.059074 2.228048 -3.939801
v -0.066212 2.231864 -3.944351
v -0.068058 2.227407 -3.944351
v -0.066212 2.231864 -3.939801
v -0.073958 2.234213 -3.944351
v -0.074899 2.229482 -3.944351
v -0.074899 2.229482 -3.962344
v -0.082013 2.230183 -3.944351
v -0.082013 2.230183 -3.962344
v -0.089127 2.229482 -3.944351
v -0.089127 2.229482 -3.962344
v -0.095968 2.227407 -3.962344
v -0.102273 2.224037 -3.962344
v -0.107798 2.219502 -3.962344
v -0.112333 2.213976 -3.962344
v -0.115703 2.207672 -3.962344
v -0.117778 2.200831 -3.962344
v -0.118479 2.193717 -3.962344
v -0.117778 2.186603 -3.962344
v -0.115703 2.179762 -3.962344
v -0.112333 2.173458 -3.962344
v -0.107798 2.167932 -3.962344
v -0.102273 2.163397 -3.962344
v -0.095968 2.160027 -3.962344
v -0.089127 2.157952 -3.962344
v -0.082013 2.157251 -3.962344
v -0.074899 2.157952 -3.962344
v -0.068058 2.160027 -3.962344
v -0.061754 2.163397 -3.962344
v -0.056228 2.167932 -3.962344
v -0.051693 2.173458 -3.962344
v -0.048323 2.179762 -3.962344
v -0.046248 2.186603 -3.962344
v -0.045547 2.193717 -3.962344
v -0.046248 2.200831 -3.962344
v -0.048323 2.207672 -3.962344
v -0.051693 2.213976 -3.962344
v -0.056228 2.219502 -3.962344
v -0.061754 2.224037 -3.962344
v -0.068058 2.227407 -3.962344
v -0.068857 2.225210 -3.939560
v -0.069727 2.223141 -3.939590
v -0.062999 2.222031 -3.939559
v -0.064232 2.220204 -3.939590
v -0.057889 2.217767 -3.939557
v -0.059415 2.216251 -3.939590
v -0.053720 2.212595 -3.939555
v -0.055462 2.211434 -3.939590
v -0.050640 2.206721 -3.939553
v -0.052525 2.205939 -3.939590
v -0.048750 2.200373 -3.939552
v -0.050716 2.199976 -3.939590
v -0.048114 2.193786 -3.939552
v -0.050106 2.193775 -3.939590
v -0.048752 2.187198 -3.939552
v -0.050716 2.187574 -3.939590
v -0.050643 2.180851 -3.939553
v -0.052525 2.181611 -3.939590
v -0.053725 2.174978 -3.939555
v -0.055462 2.176116 -3.939590
v -0.057894 2.169806 -3.939557
v -0.059415 2.171299 -3.939590
v -0.063004 2.165544 -3.939559
v -0.064232 2.167346 -3.939590
v -0.068860 2.162366 -3.939560
v -0.069727 2.164409 -3.939590
v -0.075235 2.160406 -3.939561
v -0.075690 2.162600 -3.939590
v -0.081875 2.159745 -3.939561
v -0.081891 2.161989 -3.939590
v -0.088512 2.160413 -3.939561
v -0.088092 2.162600 -3.939590
v -0.094882 2.162379 -3.939560
v -0.094055 2.164409 -3.939590
v -0.100730 2.165562 -3.939558
v -0.099550 2.167346 -3.939590
v -0.105830 2.169826 -3.939556
v -0.104367 2.171299 -3.939590
v -0.109991 2.174996 -3.939554
v -0.108320 2.176116 -3.939590
v -0.113065 2.180864 -3.939552
v -0.111258 2.181611 -3.939590
v -0.114951 2.187205 -3.939551
v -0.113066 2.187574 -3.939590
v -0.115588 2.193786 -3.939551
v -0.113677 2.193775 -3.939590
v -0.114953 2.200366 -3.939551
v -0.113066 2.199976 -3.939590
v -0.113068 2.206708 -3.939552
v -0.111257 2.205939 -3.939590
v -0.109995 2.212577 -3.939554
v -0.108320 2.211434 -3.939590
v -0.105835 2.217748 -3.939556
v -0.104367 2.216251 -3.939590
v -0.099550 2.220204 -3.939590
v -0.112811 2.216228 -3.949524
v -0.117243 2.210829 -3.949524
v -0.107412 2.220660 -3.949524
v -0.101251 2.223952 -3.949524
v -0.094567 2.225980 -3.949524
v -0.087616 2.226665 -3.949524
v -0.080664 2.225980 -3.949524
v -0.073980 2.223952 -3.949524
v -0.075690 2.224950 -3.939590
v -0.067820 2.220660 -3.949524
v -0.062420 2.216228 -3.949524
v -0.057989 2.210829 -3.949524
v -0.054696 2.204668 -3.949524
v -0.052669 2.197984 -3.949524
v -0.051984 2.191032 -3.949524
v -0.052669 2.184081 -3.949524
v -0.054696 2.177397 -3.949524
v -0.057989 2.171237 -3.949524
v -0.062420 2.165837 -3.949524
v -0.067820 2.161406 -3.949524
v -0.073980 2.158113 -3.949524
v -0.080664 2.156085 -3.949524
v -0.087616 2.155401 -3.949524
v -0.094567 2.156085 -3.949524
v -0.101252 2.158113 -3.949524
v -0.107412 2.161406 -3.949524
v -0.112811 2.165837 -3.949524
v -0.117243 2.171237 -3.949524
v -0.120535 2.177397 -3.949524
v -0.122563 2.184081 -3.949524
v -0.123248 2.191032 -3.949524
v -0.122563 2.197984 -3.949524
v -0.120535 2.204669 -3.949524
v -0.839006 1.889225 -3.946688
v -0.823843 1.880470 -3.946688
v -0.854168 1.880470 -3.946688
v -0.839006 1.889225 -3.918863
v -0.823843 1.880470 -3.918863
v -0.839006 1.886614 -3.916603
v -0.854168 1.880470 -3.918863
v -0.851908 1.879165 -3.916603
v -0.854168 1.862962 -3.918863
v -0.851908 1.864267 -3.916603
v -0.839006 1.854208 -3.918863
v -0.854168 1.862962 -3.946688
v -0.839006 1.854208 -3.946688
v -0.823843 1.862962 -3.946688
v -0.823843 1.862962 -3.918863
v -0.826104 1.864267 -3.916603
v -0.826104 1.879165 -3.916603
v -0.839006 1.856818 -3.916603
v -0.081585 2.011369 -3.946688
v -0.066423 2.002614 -3.946688
v -0.096748 2.002614 -3.946688
v -0.081585 2.011369 -3.918863
v -0.066423 2.002614 -3.918863
v -0.081585 2.008758 -3.916603
v -0.096748 2.002614 -3.918863
v -0.094488 2.001309 -3.916603
v -0.096748 1.985106 -3.918863
v -0.094488 1.986411 -3.916603
v -0.081585 1.976352 -3.918863
v -0.096748 1.985106 -3.946688
v -0.081585 1.976352 -3.946688
v -0.066423 1.985106 -3.946688
v -0.066423 1.985106 -3.918863
v -0.068683 1.986411 -3.916603
v -0.068683 2.001309 -3.916603
v -0.081585 1.978962 -3.916603
v -0.081585 1.889225 -3.946688
v -0.066423 1.880470 -3.946688
v -0.096748 1.880470 -3.946688
v -0.081585 1.889225 -3.918863
v -0.066423 1.880470 -3.918863
v -0.081585 1.886614 -3.916603
v -0.096748 1.880470 -3.918863
v -0.094488 1.879165 -3.916603
v -0.096748 1.862962 -3.918863
v -0.094488 1.864267 -3.916603
v -0.081585 1.854208 -3.918863
v -0.096748 1.862962 -3.946688
v -0.081585 1.854208 -3.946688
v -0.066423 1.862962 -3.946688
v -0.066423 1.862962 -3.918863
v -0.068683 1.864267 -3.916603
v -0.068683 1.879165 -3.916603
v -0.081585 1.856818 -3.916603
v -0.843853 2.235007 -3.939801
v -0.835797 2.234213 -3.939801
v -0.843853 2.235007 -3.944351
v -0.851908 2.234213 -3.939801
v -0.843714 2.227831 -3.939562
v -0.837073 2.227171 -3.939561
v -0.843730 2.225561 -3.939590
v -0.850354 2.227164 -3.939561
v -0.849932 2.224950 -3.939590
v -0.856725 2.225196 -3.939560
v -0.855894 2.223141 -3.939590
v -0.862574 2.222013 -3.939559
v -0.859653 2.231864 -3.939801
v -0.866792 2.228048 -3.939801
v -0.859653 2.231864 -3.944351
v -0.857807 2.227407 -3.944351
v -0.851908 2.234213 -3.944351
v -0.866792 2.228048 -3.944351
v -0.864112 2.224037 -3.944351
v -0.873049 2.222913 -3.944351
v -0.869637 2.219502 -3.944351
v -0.873049 2.222913 -3.939801
v -0.878184 2.216656 -3.944351
v -0.874173 2.213976 -3.944351
v -0.878184 2.216656 -3.939801
v -0.881999 2.209518 -3.944351
v -0.877542 2.207672 -3.944351
v -0.881999 2.209518 -3.939801
v -0.884349 2.201772 -3.944351
v -0.879617 2.200831 -3.944351
v -0.884349 2.201772 -3.939801
v -0.885143 2.193717 -3.944351
v -0.880318 2.193717 -3.944351
v -0.885143 2.193717 -3.939801
v -0.884349 2.185662 -3.944351
v -0.879617 2.186603 -3.944351
v -0.884349 2.185662 -3.939801
v -0.881999 2.177916 -3.944351
v -0.877542 2.179762 -3.944351
v -0.881999 2.177916 -3.939801
v -0.878184 2.170777 -3.944351
v -0.874173 2.173458 -3.944351
v -0.878184 2.170777 -3.939801
v -0.873049 2.164520 -3.944351
v -0.869638 2.167932 -3.944351
v -0.873049 2.164520 -3.939801
v -0.866792 2.159385 -3.944351
v -0.864112 2.163397 -3.944351
v -0.866792 2.159385 -3.939801
v -0.859653 2.155570 -3.944351
v -0.857807 2.160027 -3.944351
v -0.859653 2.155570 -3.939801
v -0.851908 2.153220 -3.944351
v -0.850966 2.157952 -3.944351
v -0.851908 2.153220 -3.939801
v -0.843853 2.152427 -3.944351
v -0.843853 2.157251 -3.944351
v -0.843853 2.152427 -3.939801
v -0.835797 2.153220 -3.944351
v -0.836738 2.157952 -3.944351
v -0.835797 2.153220 -3.939801
v -0.828051 2.155570 -3.944351
v -0.829898 2.160027 -3.944351
v -0.828051 2.155570 -3.939801
v -0.820913 2.159385 -3.944351
v -0.823593 2.163397 -3.944351
v -0.820913 2.159385 -3.939801
v -0.814656 2.164520 -3.944351
v -0.818067 2.167932 -3.944351
v -0.814656 2.164520 -3.939801
v -0.809521 2.170777 -3.944351
v -0.813532 2.173458 -3.944351
v -0.809521 2.170777 -3.939801
v -0.805705 2.177916 -3.944351
v -0.810163 2.179762 -3.944351
v -0.805705 2.177916 -3.939801
v -0.803356 2.185662 -3.944351
v -0.808087 2.186603 -3.944351
v -0.803356 2.185662 -3.939801
v -0.802562 2.193717 -3.944351
v -0.807387 2.193717 -3.944351
v -0.802562 2.193717 -3.939801
v -0.803356 2.201772 -3.944351
v -0.808087 2.200831 -3.944351
v -0.803356 2.201772 -3.939801
v -0.805705 2.209518 -3.944351
v -0.810163 2.207672 -3.944351
v -0.805705 2.209518 -3.939801
v -0.809521 2.216656 -3.944351
v -0.813532 2.213976 -3.944351
v -0.809521 2.216656 -3.939801
v -0.814656 2.222913 -3.944351
v -0.818067 2.219502 -3.944351
v -0.814656 2.222913 -3.939801
v -0.820913 2.228048 -3.944351
v -0.823593 2.224037 -3.944351
v -0.820913 2.228048 -3.939801
v -0.828051 2.231864 -3.944351
v -0.829898 2.227407 -3.944351
v -0.828051 2.231864 -3.939801
v -0.835797 2.234213 -3.944351
v -0.836738 2.229482 -3.944351
v -0.836738 2.229482 -3.962344
v -0.843853 2.230183 -3.944351
v -0.843853 2.230183 -3.962344
v -0.850966 2.229482 -3.944351
v -0.850966 2.229482 -3.962344
v -0.857807 2.227407 -3.962344
v -0.864112 2.224037 -3.962344
v -0.869637 2.219502 -3.962344
v -0.874173 2.213976 -3.962344
v -0.877542 2.207672 -3.962344
v -0.879617 2.200831 -3.962344
v -0.880318 2.193717 -3.962344
v -0.879617 2.186603 -3.962344
v -0.877542 2.179762 -3.962344
v -0.874173 2.173458 -3.962344
v -0.869638 2.167932 -3.962344
v -0.864112 2.163397 -3.962344
v -0.857807 2.160027 -3.962344
v -0.850966 2.157952 -3.962344
v -0.843853 2.157251 -3.962344
v -0.836738 2.157952 -3.962344
v -0.829898 2.160027 -3.962344
v -0.823593 2.163397 -3.962344
v -0.818067 2.167932 -3.962344
v -0.813532 2.173458 -3.962344
v -0.810163 2.179762 -3.962344
v -0.808087 2.186603 -3.962344
v -0.807387 2.193717 -3.962344
v -0.808087 2.200831 -3.962344
v -0.810163 2.207672 -3.962344
v -0.813532 2.213976 -3.962344
v -0.818067 2.219502 -3.962344
v -0.823593 2.224037 -3.962344
v -0.829898 2.227407 -3.962344
v -0.830696 2.225210 -3.939560
v -0.831567 2.223141 -3.939590
v -0.824839 2.222031 -3.939559
v -0.826071 2.220204 -3.939590
v -0.819729 2.217767 -3.939557
v -0.821255 2.216251 -3.939590
v -0.815559 2.212595 -3.939555
v -0.817302 2.211434 -3.939590
v -0.812479 2.206721 -3.939553
v -0.814364 2.205939 -3.939590
v -0.810590 2.200373 -3.939552
v -0.812556 2.199976 -3.939590
v -0.809953 2.193786 -3.939552
v -0.811945 2.193775 -3.939590
v -0.810591 2.187198 -3.939552
v -0.812556 2.187574 -3.939590
v -0.812482 2.180851 -3.939553
v -0.814364 2.181611 -3.939590
v -0.815564 2.174978 -3.939555
v -0.817302 2.176116 -3.939590
v -0.819734 2.169806 -3.939557
v -0.821255 2.171299 -3.939590
v -0.824843 2.165544 -3.939559
v -0.826072 2.167346 -3.939590
v -0.830700 2.162366 -3.939560
v -0.831567 2.164409 -3.939590
v -0.837075 2.160406 -3.939561
v -0.837529 2.162600 -3.939590
v -0.843714 2.159745 -3.939561
v -0.843730 2.161989 -3.939590
v -0.850351 2.160413 -3.939561
v -0.849932 2.162600 -3.939590
v -0.856721 2.162379 -3.939560
v -0.855894 2.164409 -3.939590
v -0.862570 2.165562 -3.939558
v -0.861390 2.167346 -3.939590
v -0.867670 2.169826 -3.939556
v -0.866206 2.171299 -3.939590
v -0.871830 2.174996 -3.939554
v -0.870159 2.176116 -3.939590
v -0.874904 2.180864 -3.939552
v -0.873097 2.181611 -3.939590
v -0.876791 2.187205 -3.939551
v -0.874906 2.187574 -3.939590
v -0.877427 2.193786 -3.939551
v -0.875516 2.193775 -3.939590
v -0.876792 2.200366 -3.939551
v -0.874906 2.199976 -3.939590
v -0.874907 2.206708 -3.939552
v -0.873097 2.205939 -3.939590
v -0.871834 2.212577 -3.939554
v -0.870159 2.211434 -3.939590
v -0.867674 2.217748 -3.939556
v -0.866206 2.216251 -3.939590
v -0.861390 2.220204 -3.939590
v -0.874650 2.216228 -3.949524
v -0.879082 2.210829 -3.949524
v -0.869251 2.220660 -3.949524
v -0.863091 2.223952 -3.949524
v -0.856406 2.225980 -3.949524
v -0.849455 2.226665 -3.949524
v -0.842504 2.225980 -3.949524
v -0.835819 2.223952 -3.949524
v -0.837529 2.224950 -3.939590
v -0.829659 2.220660 -3.949524
v -0.824260 2.216228 -3.949524
v -0.819828 2.210829 -3.949524
v -0.816535 2.204668 -3.949524
v -0.814508 2.197984 -3.949524
v -0.813823 2.191032 -3.949524
v -0.814508 2.184081 -3.949524
v -0.816535 2.177397 -3.949524
v -0.819828 2.171237 -3.949524
v -0.824260 2.165837 -3.949524
v -0.829659 2.161406 -3.949524
v -0.835819 2.158113 -3.949524
v -0.842504 2.156085 -3.949524
v -0.849455 2.155401 -3.949524
v -0.856406 2.156085 -3.949524
v -0.863091 2.158113 -3.949524
v -0.869251 2.161406 -3.949524
v -0.874650 2.165837 -3.949524
v -0.879082 2.171237 -3.949524
v -0.882375 2.177397 -3.949524
v -0.884402 2.184081 -3.949524
v -0.885087 2.191032 -3.949524
v -0.884402 2.197984 -3.949524
v -0.882375 2.204669 -3.949524
v -0.839006 2.011369 -3.946688
v -0.823843 2.002614 -3.946688
v -0.854168 2.002614 -3.946688
v -0.839006 2.011369 -3.918863
v -0.823843 2.002614 -3.918863
v -0.839006 2.008758 -3.916603
v -0.854168 2.002614 -3.918863
v -0.851908 2.001309 -3.916603
v -0.854168 1.985106 -3.918863
v -0.851908 1.986411 -3.916603
v -0.839006 1.976352 -3.918863
v -0.854168 1.985106 -3.946688
v -0.839006 1.976352 -3.946688
v -0.823843 1.985106 -3.946688
v -0.823843 1.985106 -3.918863
v -0.826104 1.986411 -3.916603
v -0.826104 2.001309 -3.916603
v -0.839006 1.978962 -3.916603
v -0.852478 0.734240 -3.913076
v -0.852478 0.734240 -3.880836
v -0.884718 0.734240 -3.913076
v -0.852478 0.827424 -3.913076
v -0.852478 0.920609 -3.913076
v -0.884718 0.827424 -3.913076
v -0.852478 0.827424 -3.880836
v -0.852478 0.827424 -3.943462
v -0.852478 0.920609 -3.943462
v -0.884718 0.827424 -3.943462
v -0.884718 0.920609 -3.943462
v -0.884718 0.920609 -3.913076
v -0.884718 1.013793 -3.913076
v -0.884718 0.920609 -3.880836
v -0.884718 1.013793 -3.880836
v -0.884718 0.827424 -3.880836
v -0.852478 0.920609 -3.880836
v -0.852478 1.013793 -3.880836
v -0.852478 1.013793 -3.913076
v -0.884718 0.734240 -3.880836
v -0.924261 0.028798 -3.938848
v -0.924261 0.028798 -3.964248
v -0.009861 0.028798 -3.938848
v -0.924261 0.706131 -3.938848
v -0.787101 0.130398 -3.938848
v -0.147021 0.130398 -3.938848
v -0.787101 0.604531 -3.938848
v -0.780685 0.120363 -3.948594
v -0.150159 0.120363 -3.948594
v -0.780685 0.587419 -3.948594
v -0.150159 0.587419 -3.948594
v -0.147021 0.604531 -3.938848
v -0.009861 0.706131 -3.938848
v -0.009861 1.383464 -3.938848
v -0.009861 0.706131 -3.964248
v -0.147021 0.807731 -3.938848
v -0.147021 1.281864 -3.938848
v -0.787101 0.807731 -3.938848
v -0.150159 0.797696 -3.948594
v -0.150159 1.264753 -3.948594
v -0.780685 0.797696 -3.948594
v -0.780685 1.264753 -3.948594
v -0.787101 1.281864 -3.938848
v -0.924261 1.383464 -3.938848
v -0.924261 2.060798 -3.938848
v -0.787101 1.485064 -3.938848
v -0.924261 1.383464 -3.964248
v -0.924261 0.706131 -3.964248
v -0.924261 2.060798 -3.964248
v -0.009861 2.060798 -3.964248
v -0.009861 2.060798 -3.938848
v -0.009861 1.383464 -3.964248
v -0.147021 1.959198 -3.938848
v -0.787101 1.959198 -3.938848
v -0.147021 1.485064 -3.938848
v -0.150159 1.942086 -3.948594
v -0.780685 1.942086 -3.948594
v -0.150159 1.475030 -3.948594
v -0.780685 1.475030 -3.948594
v -0.009861 0.028798 -3.964248
v -0.869468 1.801331 -3.932869
v -0.869468 1.801331 -3.938965
v -0.869468 2.247299 -3.933762
v -0.819192 1.801331 -3.932869
v -0.819192 1.801331 -3.938965
v -0.819192 2.247299 -3.933762
v -0.819192 2.242989 -3.938073
v -0.819192 2.262840 -3.950567
v -0.819192 2.256744 -3.950567
v -0.869468 2.262840 -3.950567
v -0.819192 2.262840 -3.960561
v -0.819192 2.256744 -3.960561
v -0.869468 2.262840 -3.960561
v -0.869468 2.256744 -3.960561
v -0.869468 2.256744 -3.950567
v -0.869468 2.242989 -3.938073
v -0.107628 1.801331 -3.932869
v -0.107628 1.801331 -3.938965
v -0.107628 2.247299 -3.933762
v -0.057353 1.801331 -3.932869
v -0.057353 1.801331 -3.938965
v -0.057353 2.247299 -3.933762
v -0.057353 2.242989 -3.938073
v -0.057353 2.262840 -3.950567
v -0.057353 2.256744 -3.950567
v -0.107628 2.262840 -3.950567
v -0.057353 2.262840 -3.960561
v -0.057353 2.256744 -3.960561
v -0.107628 2.262840 -3.960561
v -0.107628 2.256744 -3.960561
v -0.107628 2.256744 -3.950567
v -0.107628 2.242989 -3.938073
v -0.082013 2.235007 -3.939801
v -0.073958 2.234213 -3.939801
v -0.082013 2.235007 -3.944351
v -0.090068 2.234213 -3.939801
v -0.081875 2.227831 -3.939562
v -0.075233 2.227171 -3.939561
v -0.081891 2.225561 -3.939590
v -0.088514 2.227164 -3.939561
v -0.088092 2.224950 -3.939590
v -0.094886 2.225196 -3.939560
v -0.094055 2.223141 -3.939590
v -0.100735 2.222013 -3.939559
v -0.097814 2.231864 -3.939801
v -0.104953 2.228048 -3.939801
v -0.097814 2.231864 -3.944351
v -0.095968 2.227407 -3.944351
v -0.090068 2.234213 -3.944351
v -0.104953 2.228048 -3.944351
v -0.102273 2.224037 -3.944351
v -0.111210 2.222913 -3.944351
v -0.107798 2.219502 -3.944351
v -0.111210 2.222913 -3.939801
v -0.116344 2.216656 -3.944351
v -0.112333 2.213976 -3.944351
v -0.116344 2.216656 -3.939801
v -0.120160 2.209518 -3.944351
v -0.115703 2.207672 -3.944351
v -0.120160 2.209518 -3.939801
v -0.122510 2.201772 -3.944351
v -0.117778 2.200831 -3.944351
v -0.122510 2.201772 -3.939801
v -0.123303 2.193717 -3.944351
v -0.118479 2.193717 -3.944351
v -0.123303 2.193717 -3.939801
v -0.122510 2.185662 -3.944351
v -0.117778 2.186603 -3.944351
v -0.122510 2.185662 -3.939801
v -0.120160 2.177916 -3.944351
v -0.115703 2.179762 -3.944351
v -0.120160 2.177916 -3.939801
v -0.116345 2.170777 -3.944351
v -0.112333 2.173458 -3.944351
v -0.116345 2.170777 -3.939801
v -0.111210 2.164520 -3.944351
v -0.107798 2.167932 -3.944351
v -0.111210 2.164520 -3.939801
v -0.104953 2.159385 -3.944351
v -0.102273 2.163397 -3.944351
v -0.104953 2.159385 -3.939801
v -0.097814 2.155570 -3.944351
v -0.095968 2.160027 -3.944351
v -0.097814 2.155570 -3.939801
v -0.090068 2.153220 -3.944351
v -0.089127 2.157952 -3.944351
v -0.090068 2.153220 -3.939801
v -0.082013 2.152427 -3.944351
v -0.082013 2.157251 -3.944351
v -0.082013 2.152427 -3.939801
v -0.073958 2.153220 -3.944351
v -0.074899 2.157952 -3.944351
v -0.073958 2.153220 -3.939801
v -0.066212 2.155570 -3.944351
v -0.068058 2.160027 -3.944351
v -0.066212 2.155570 -3.939801
v -0.059074 2.159385 -3.944351
v -0.061754 2.163397 -3.944351
v -0.059074 2.159385 -3.939801
v -0.052817 2.164520 -3.944351
v -0.056228 2.167932 -3.944351
v -0.052817 2.164520 -3.939801
v -0.047682 2.170777 -3.944351
v -0.051693 2.173458 -3.944351
v -0.047682 2.170777 -3.939801
v -0.043866 2.177916 -3.944351
v -0.048323 2.179762 -3.944351
v -0.043866 2.177916 -3.939801
v -0.041516 2.185662 -3.944351
v -0.046248 2.186603 -3.944351
v -0.041516 2.185662 -3.939801
v -0.040723 2.193717 -3.944351
v -0.045547 2.193717 -3.944351
v -0.040723 2.193717 -3.939801
v -0.041516 2.201772 -3.944351
v -0.046248 2.200831 -3.944351
v -0.041516 2.201772 -3.939801
v -0.043866 2.209518 -3.944351
v -0.048323 2.207672 -3.944351
v -0.043866 2.209518 -3.939801
v -0.047682 2.216656 -3.944351
v -0.051693 2.213976 -3.944351
v -0.047682 2.216656 -3.939801
v -0.052817 2.222913 -3.944351
v -0.056228 2.219502 -3.944351
v -0.052817 2.222913 -3.939801
v -0.059074 2.228048 -3.944351
v -0.061754 2.224037 -3.944351
v -0.059074 2.228048 -3.939801
v -0.066212 2.231864 -3.944351
v -0.068058 2.227407 -3.944351
v -0.066212 2.231864 -3.939801
v -0.073958 2.234213 -3.944351
v -0.074899 2.229482 -3.944351
v -0.074899 2.229482 -3.962344
v -0.082013 2.230183 -3.944351
v -0.082013 2.230183 -3.962344
v -0.089127 2.229482 -3.944351
v -0.089127 2.229482 -3.962344
v -0.095968 2.227407 -3.962344
v -0.102273 2.224037 -3.962344
v -0.107798 2.219502 -3.962344
v -0.112333 2.213976 -3.962344
v -0.115703 2.207672 -3.962344
v -0.117778 2.200831 -3.962344
v -0.118479 2.193717 -3.962344
v -0.117778 2.186603 -3.962344
v -0.115703 2.179762 -3.962344
v -0.112333 2.173458 -3.962344
v -0.107798 2.167932 -3.962344
v -0.102273 2.163397 -3.962344
v -0.095968 2.160027 -3.962344
v -0.089127 2.157952 -3.962344
v -0.082013 2.157251 -3.962344
v -0.074899 2.157952 -3.962344
v -0.068058 2.160027 -3.962344
v -0.061754 2.163397 -3.962344
v -0.056228 2.167932 -3.962344
v -0.051693 2.173458 -3.962344
v -0.048323 2.179762 -3.962344
v -0.046248 2.186603 -3.962344
v -0.045547 2.193717 -3.962344
v -0.046248 2.200831 -3.962344
v -0.048323 2.207672 -3.962344
v -0.051693 2.213976 -3.962344
v -0.056228 2.219502 -3.962344
v -0.061754 2.224037 -3.962344
v -0.068058 2.227407 -3.962344
v -0.068857 2.225210 -3.939560
v -0.069727 2.223141 -3.939590
v -0.062999 2.222031 -3.939559
v -0.064232 2.220204 -3.939590
v -0.057889 2.217767 -3.939557
v -0.059415 2.216251 -3.939590
v -0.053720 2.212595 -3.939555
v -0.055462 2.211434 -3.939590
v -0.050640 2.206721 -3.939553
v -0.052525 2.205939 -3.939590
v -0.048750 2.200373 -3.939552
v -0.050716 2.199976 -3.939590
v -0.048114 2.193786 -3.939552
v -0.050106 2.193775 -3.939590
v -0.048752 2.187198 -3.939552
v -0.050716 2.187574 -3.939590
v -0.050643 2.180851 -3.939553
v -0.052525 2.181611 -3.939590
v -0.053725 2.174978 -3.939555
v -0.055462 2.176116 -3.939590
v -0.057894 2.169806 -3.939557
v -0.059415 2.171299 -3.939590
v -0.063004 2.165544 -3.939559
v -0.064232 2.167346 -3.939590
v -0.068860 2.162366 -3.939560
v -0.069727 2.164409 -3.939590
v -0.075235 2.160406 -3.939561
v -0.075690 2.162600 -3.939590
v -0.081875 2.159745 -3.939561
v -0.081891 2.161989 -3.939590
v -0.088512 2.160413 -3.939561
v -0.088092 2.162600 -3.939590
v -0.094882 2.162379 -3.939560
v -0.094055 2.164409 -3.939590
v -0.100730 2.165562 -3.939558
v -0.099550 2.167346 -3.939590
v -0.105830 2.169826 -3.939556
v -0.104367 2.171299 -3.939590
v -0.109991 2.174996 -3.939554
v -0.108320 2.176116 -3.939590
v -0.113065 2.180864 -3.939552
v -0.111258 2.181611 -3.939590
v -0.114951 2.187205 -3.939551
v -0.113066 2.187574 -3.939590
v -0.115588 2.193786 -3.939551
v -0.113677 2.193775 -3.939590
v -0.114953 2.200366 -3.939551
v -0.113066 2.199976 -3.939590
v -0.113068 2.206708 -3.939552
v -0.111257 2.205939 -3.939590
v -0.109995 2.212577 -3.939554
v -0.108320 2.211434 -3.939590
v -0.105835 2.217748 -3.939556
v -0.104367 2.216251 -3.939590
v -0.099550 2.220204 -3.939590
v -0.112811 2.216228 -3.949524
v -0.117243 2.210829 -3.949524
v -0.107412 2.220660 -3.949524
v -0.101251 2.223952 -3.949524
v -0.094567 2.225980 -3.949524
v -0.087616 2.226665 -3.949524
v -0.080664 2.225980 -3.949524
v -0.073980 2.223952 -3.949524
v -0.075690 2.224950 -3.939590
v -0.067820 2.220660 -3.949524
v -0.062420 2.216228 -3.949524
v -0.057989 2.210829 -3.949524
v -0.054696 2.204668 -3.949524
v -0.052669 2.197984 -3.949524
v -0.051984 2.191032 -3.949524
v -0.052669 2.184081 -3.949524
v -0.054696 2.177397 -3.949524
v -0.057989 2.171237 -3.949524
v -0.062420 2.165837 -3.949524
v -0.067820 2.161406 -3.949524
v -0.073980 2.158113 -3.949524
v -0.080664 2.156085 -3.949524
v -0.087616 2.155401 -3.949524
v -0.094567 2.156085 -3.949524
v -0.101252 2.158113 -3.949524
v -0.107412 2.161406 -3.949524
v -0.112811 2.165837 -3.949524
v -0.117243 2.171237 -3.949524
v -0.120535 2.177397 -3.949524
v -0.122563 2.184081 -3.949524
v -0.123248 2.191032 -3.949524
v -0.122563 2.197984 -3.949524
v -0.120535 2.204669 -3.949524
v -0.839006 1.889225 -3.946688
v -0.823843 1.880470 -3.946688
v -0.854168 1.880470 -3.946688
v -0.839006 1.889225 -3.918863
v -0.823843 1.880470 -3.918863
v -0.839006 1.886614 -3.916603
v -0.854168 1.880470 -3.918863
v -0.851908 1.879165 -3.916603
v -0.854168 1.862962 -3.918863
v -0.851908 1.864267 -3.916603
v -0.839006 1.854208 -3.918863
v -0.854168 1.862962 -3.946688
v -0.839006 1.854208 -3.946688
v -0.823843 1.862962 -3.946688
v -0.823843 1.862962 -3.918863
v -0.826104 1.864267 -3.916603
v -0.826104 1.879165 -3.916603
v -0.839006 1.856818 -3.916603
v -0.081585 2.011369 -3.946688
v -0.066423 2.002614 -3.946688
v -0.096748 2.002614 -3.946688
v -0.081585 2.011369 -3.918863
v -0.066423 2.002614 -3.918863
v -0.081585 2.008758 -3.916603
v -0.096748 2.002614 -3.918863
v -0.094488 2.001309 -3.916603
v -0.096748 1.985106 -3.918863
v -0.094488 1.986411 -3.916603
v -0.081585 1.976352 -3.918863
v -0.096748 1.985106 -3.946688
v -0.081585 1.976352 -3.946688
v -0.066423 1.985106 -3.946688
v -0.066423 1.985106 -3.918863
v -0.068683 1.986411 -3.916603
v -0.068683 2.001309 -3.916603
v -0.081585 1.978962 -3.916603
v -0.081585 1.889225 -3.946688
v -0.066423 1.880470 -3.946688
v -0.096748 1.880470 -3.946688
v -0.081585 1.889225 -3.918863
v -0.066423 1.880470 -3.918863
v -0.081585 1.886614 -3.916603
v -0.096748 1.880470 -3.918863
v -0.094488 1.879165 -3.916603
v -0.096748 1.862962 -3.918863
v -0.094488 1.864267 -3.916603
v -0.081585 1.854208 -3.918863
v -0.096748 1.862962 -3.946688
v -0.081585 1.854208 -3.946688
v -0.066423 1.862962 -3.946688
v -0.066423 1.862962 -3.918863
v -0.068683 1.864267 -3.916603
v -0.068683 1.879165 -3.916603
v -0.081585 1.856818 -3.916603
v -0.843853 2.235007 -3.977703
v -0.835797 2.234213 -3.977703
v -0.843853 2.235007 -3.973153
v -0.851908 2.234213 -3.977703
v -0.843714 2.227831 -3.977943
v -0.837073 2.227171 -3.977943
v -0.843730 2.225561 -3.977914
v -0.850354 2.227164 -3.977943
v -0.849932 2.224950 -3.977914
v -0.856725 2.225196 -3.977944
v -0.855894 2.223141 -3.977914
v -0.862574 2.222013 -3.977946
v -0.859653 2.231864 -3.977703
v -0.866792 2.228048 -3.977703
v -0.859653 2.231864 -3.973153
v -0.857807 2.227407 -3.973153
v -0.851908 2.234213 -3.973153
v -0.866792 2.228048 -3.973153
v -0.864112 2.224037 -3.973153
v -0.873049 2.222913 -3.973153
v -0.869637 2.219502 -3.973153
v -0.873049 2.222913 -3.977703
v -0.878184 2.216656 -3.973153
v -0.874173 2.213976 -3.973153
v -0.878184 2.216656 -3.977703
v -0.881999 2.209518 -3.973153
v -0.877542 2.207672 -3.973153
v -0.881999 2.209518 -3.977703
v -0.884349 2.201772 -3.973153
v -0.879617 2.200831 -3.973153
v -0.884349 2.201772 -3.977703
v -0.885143 2.193717 -3.973153
v -0.880318 2.193717 -3.973153
v -0.885143 2.193717 -3.977703
v -0.884349 2.185662 -3.973153
v -0.879617 2.186603 -3.973153
v -0.884349 2.185662 -3.977703
v -0.881999 2.177916 -3.973153
v -0.877542 2.179762 -3.973153
v -0.881999 2.177916 -3.977703
v -0.878184 2.170777 -3.973153
v -0.874173 2.173458 -3.973153
v -0.878184 2.170777 -3.977703
v -0.873049 2.164520 -3.973153
v -0.869638 2.167932 -3.973153
v -0.873049 2.164520 -3.977703
v -0.866792 2.159385 -3.973153
v -0.864112 2.163397 -3.973153
v -0.866792 2.159385 -3.977703
v -0.859653 2.155570 -3.973153
v -0.857807 2.160027 -3.973153
v -0.859653 2.155570 -3.977703
v -0.851908 2.153220 -3.973153
v -0.850966 2.157952 -3.973153
v -0.851908 2.153220 -3.977703
v -0.843853 2.152427 -3.973153
v -0.843853 2.157251 -3.973153
v -0.843853 2.152427 -3.977703
v -0.835797 2.153220 -3.973153
v -0.836738 2.157952 -3.973153
v -0.835797 2.153220 -3.977703
v -0.828051 2.155570 -3.973153
v -0.829898 2.160027 -3.973153
v -0.828051 2.155570 -3.977703
v -0.820913 2.159385 -3.973153
v -0.823593 2.163397 -3.973153
v -0.820913 2.159385 -3.977703
v -0.814656 2.164520 -3.973153
v -0.818067 2.167932 -3.973153
v -0.814656 2.164520 -3.977703
v -0.809521 2.170777 -3.973153
v -0.813532 2.173458 -3.973153
v -0.809521 2.170777 -3.977703
v -0.805705 2.177916 -3.973153
v -0.810163 2.179762 -3.973153
v -0.805705 2.177916 -3.977703
v -0.803356 2.185662 -3.973153
v -0.808087 2.186603 -3.973153
v -0.803356 2.185662 -3.977703
v -0.802562 2.193717 -3.973153
v -0.807387 2.193717 -3.973153
v -0.802562 2.193717 -3.977703
v -0.803356 2.201772 -3.973153
v -0.808087 2.200831 -3.973153
v -0.803356 2.201772 -3.977703
v -0.805705 2.209518 -3.973153
v -0.810163 2.207672 -3.973153
v -0.805705 2.209518 -3.977703
v -0.809521 2.216656 -3.973153
v -0.813532 2.213976 -3.973153
v -0.809521 2.216656 -3.977703
v -0.814656 2.222913 -3.973153
v -0.818067 2.219502 -3.973153
v -0.814656 2.222913 -3.977703
v -0.820913 2.228048 -3.973153
v -0.823593 2.224037 -3.973153
v -0.820913 2.228048 -3.977703
v -0.828051 2.231864 -3.973153
v -0.829898 2.227407 -3.973153
v -0.828051 2.231864 -3.977703
v -0.835797 2.234213 -3.973153
v -0.836738 2.229482 -3.973153
v -0.836738 2.229482 -3.955160
v -0.843853 2.230183 -3.973153
v -0.843853 2.230183 -3.955160
v -0.850966 2.229482 -3.973153
v -0.850966 2.229482 -3.955160
v -0.857807 2.227407 -3.955160
v -0.864112 2.224037 -3.955160
v -0.869637 2.219502 -3.955160
v -0.874173 2.213976 -3.955160
v -0.877542 2.207672 -3.955160
v -0.879617 2.200831 -3.955160
v -0.880318 2.193717 -3.955160
v -0.879617 2.186603 -3.955160
v -0.877542 2.179762 -3.955160
v -0.874173 2.173458 -3.955160
v -0.869638 2.167932 -3.955160
v -0.864112 2.163397 -3.955160
v -0.857807 2.160027 -3.955160
v -0.850966 2.157952 -3.955160
v -0.843853 2.157251 -3.955160
v -0.836738 2.157952 -3.955160
v -0.829898 2.160027 -3.955160
v -0.823593 2.163397 -3.955160
v -0.818067 2.167932 -3.955160
v -0.813532 2.173458 -3.955160
v -0.810163 2.179762 -3.955160
v -0.808087 2.186603 -3.955160
v -0.807387 2.193717 -3.955160
v -0.808087 2.200831 -3.955160
v -0.810163 2.207672 -3.955160
v -0.813532 2.213976 -3.955160
v -0.818067 2.219502 -3.955160
v -0.823593 2.224037 -3.955160
v -0.829898 2.227407 -3.955160
v -0.830696 2.225210 -3.977944
v -0.831567 2.223141 -3.977914
v -0.824839 2.222031 -3.977945
v -0.826071 2.220204 -3.977914
v -0.819729 2.217767 -3.977947
v -0.821255 2.216251 -3.977914
v -0.815559 2.212595 -3.977949
v -0.817302 2.211434 -3.977914
v -0.812479 2.206721 -3.977951
v -0.814364 2.205939 -3.977914
v -0.810590 2.200373 -3.977952
v -0.812556 2.199976 -3.977914
v -0.809953 2.193786 -3.977952
v -0.811945 2.193775 -3.977914
v -0.810591 2.187198 -3.977952
v -0.812556 2.187574 -3.977914
v -0.812482 2.180851 -3.977951
v -0.814364 2.181611 -3.977914
v -0.815564 2.174978 -3.977949
v -0.817302 2.176116 -3.977914
v -0.819734 2.169806 -3.977947
v -0.821255 2.171299 -3.977914
v -0.824843 2.165544 -3.977946
v -0.826072 2.167346 -3.977914
v -0.830700 2.162366 -3.977944
v -0.831567 2.164409 -3.977914
v -0.837075 2.160406 -3.977943
v -0.837529 2.162600 -3.977914
v -0.843714 2.159745 -3.977943
v -0.843730 2.161989 -3.977914
v -0.850351 2.160413 -3.977943
v -0.849932 2.162600 -3.977914
v -0.856721 2.162379 -3.977945
v -0.855894 2.164409 -3.977914
v -0.862570 2.165562 -3.977946
v -0.861390 2.167346 -3.977914
v -0.867670 2.169826 -3.977948
v -0.866206 2.171299 -3.977914
v -0.871830 2.174996 -3.977950
v -0.870159 2.176116 -3.977914
v -0.874904 2.180864 -3.977952
v -0.873097 2.181611 -3.977914
v -0.876791 2.187205 -3.977953
v -0.874906 2.187574 -3.977914
v -0.877427 2.193786 -3.977954
v -0.875516 2.193775 -3.977914
v -0.876792 2.200366 -3.977953
v -0.874906 2.199976 -3.977914
v -0.874907 2.206708 -3.977952
v -0.873097 2.205939 -3.977914
v -0.871834 2.212577 -3.977950
v -0.870159 2.211434 -3.977914
v -0.867674 2.217748 -3.977948
v -0.866206 2.216251 -3.977914
v -0.861390 2.220204 -3.977914
v -0.874650 2.216228 -3.967980
v -0.879082 2.210829 -3.967980
v -0.869251 2.220660 -3.967980
v -0.863091 2.223952 -3.967980
v -0.856406 2.225980 -3.967980
v -0.849455 2.226665 -3.967980
v -0.842504 2.225980 -3.967980
v -0.835819 2.223952 -3.967980
v -0.837529 2.224950 -3.977914
v -0.829659 2.220660 -3.967980
v -0.824260 2.216228 -3.967980
v -0.819828 2.210829 -3.967980
v -0.816535 2.204668 -3.967980
v -0.814508 2.197984 -3.967980
v -0.813823 2.191032 -3.967980
v -0.814508 2.184081 -3.967980
v -0.816535 2.177397 -3.967980
v -0.819828 2.171237 -3.967980
v -0.824260 2.165837 -3.967980
v -0.829659 2.161406 -3.967980
v -0.835819 2.158113 -3.967980
v -0.842504 2.156085 -3.967980
v -0.849455 2.155401 -3.967980
v -0.856406 2.156085 -3.967980
v -0.863091 2.158113 -3.967980
v -0.869251 2.161406 -3.967980
v -0.874650 2.165837 -3.967980
v -0.879082 2.171237 -3.967980
v -0.882375 2.177397 -3.967980
v -0.884402 2.184081 -3.967980
v -0.885087 2.191032 -3.967980
v -0.884402 2.197984 -3.967980
v -0.882375 2.204669 -3.967980
v -0.839006 2.011369 -3.970816
v -0.823843 2.002614 -3.970816
v -0.854168 2.002614 -3.970816
v -0.839006 2.011369 -3.998641
v -0.823843 2.002614 -3.998641
v -0.839006 2.008758 -4.000902
v -0.854168 2.002614 -3.998641
v -0.851908 2.001309 -4.000902
v -0.854168 1.985106 -3.998641
v -0.851908 1.986411 -4.000902
v -0.839006 1.976352 -3.998641
v -0.854168 1.985106 -3.970816
v -0.839006 1.976352 -3.970816
v -0.823843 1.985106 -3.970816
v -0.823843 1.985106 -3.998641
v -0.826104 1.986411 -4.000902
v -0.826104 2.001309 -4.000902
v -0.839006 1.978962 -4.000902
v -0.852478 0.734240 -4.004429
v -0.852478 0.734240 -4.036668
v -0.884718 0.734240 -4.004429
v -0.852478 0.827424 -4.004429
v -0.852478 0.920609 -4.004429
v -0.884718 0.827424 -4.004429
v -0.852478 0.827424 -4.036668
v -0.852478 0.827424 -3.974042
v -0.852478 0.920609 -3.974042
v -0.884718 0.827424 -3.974042
v -0.884718 0.920609 -3.974042
v -0.884718 0.920609 -4.004429
v -0.884718 1.013793 -4.004429
v -0.884718 0.920609 -4.036668
v -0.884718 1.013793 -4.036668
v -0.884718 0.827424 -4.036668
v -0.852478 0.920609 -4.036668
v -0.852478 1.013793 -4.036668
v -0.852478 1.013793 -4.004429
v -0.884718 0.734240 -4.036668
v -0.924261 0.028798 -3.978656
v -0.924261 0.028798 -3.953256
v -0.009861 0.028798 -3.978656
v -0.924261 0.706131 -3.978656
v -0.787101 0.130398 -3.978656
v -0.147021 0.130398 -3.978656
v -0.787101 0.604531 -3.978656
v -0.780685 0.120363 -3.968910
v -0.150159 0.120363 -3.968910
v -0.780685 0.587419 -3.968910
v -0.150159 0.587419 -3.968910
v -0.147021 0.604531 -3.978656
v -0.009861 0.706131 -3.978656
v -0.009861 1.383464 -3.978656
v -0.009861 0.706131 -3.953256
v -0.147021 0.807731 -3.978656
v -0.147021 1.281864 -3.978656
v -0.787101 0.807731 -3.978656
v -0.150159 0.797696 -3.968910
v -0.150159 1.264753 -3.968910
v -0.780685 0.797696 -3.968910
v -0.780685 1.264753 -3.968910
v -0.787101 1.281864 -3.978656
v -0.924261 1.383464 -3.978656
v -0.924261 2.060798 -3.978656
v -0.787101 1.485064 -3.978656
v -0.924261 1.383464 -3.953256
v -0.924261 0.706131 -3.953256
v -0.924261 2.060798 -3.953256
v -0.009861 2.060798 -3.953256
v -0.009861 2.060798 -3.978656
v -0.009861 1.383464 -3.953256
v -0.147021 1.959198 -3.978656
v -0.787101 1.959198 -3.978656
v -0.147021 1.485064 -3.978656
v -0.150159 1.942086 -3.968910
v -0.780685 1.942086 -3.968910
v -0.150159 1.475030 -3.968910
v -0.780685 1.475030 -3.968910
v -0.009861 0.028798 -3.953256
v -0.869468 1.801331 -3.984635
v -0.869468 1.801331 -3.978539
v -0.869468 2.247299 -3.983742
v -0.819192 1.801331 -3.984635
v -0.819192 1.801331 -3.978539
v -0.819192 2.247299 -3.983742
v -0.819192 2.242989 -3.979432
v -0.819192 2.262840 -3.966938
v -0.819192 2.256744 -3.966938
v -0.869468 2.262840 -3.966938
v -0.819192 2.262840 -3.956944
v -0.819192 2.256744 -3.956944
v -0.869468 2.262840 -3.956944
v -0.869468 2.256744 -3.956944
v -0.869468 2.256744 -3.966938
v -0.869468 2.242989 -3.979432
v -0.107628 1.801331 -3.984635
v -0.107628 1.801331 -3.978539
v -0.107628 2.247299 -3.983742
v -0.057353 1.801331 -3.984635
v -0.057353 1.801331 -3.978539
v -0.057353 2.247299 -3.983742
v -0.057353 2.242989 -3.979432
v -0.057353 2.262840 -3.966938
v -0.057353 2.256744 -3.966938
v -0.107628 2.262840 -3.966938
v -0.057353 2.262840 -3.956944
v -0.057353 2.256744 -3.956944
v -0.107628 2.262840 -3.956944
v -0.107628 2.256744 -3.956944
v -0.107628 2.256744 -3.966938
v -0.107628 2.242989 -3.979432
v -0.082013 2.235007 -3.977703
v -0.073958 2.234213 -3.977703
v -0.082013 2.235007 -3.973153
v -0.090068 2.234213 -3.977703
v -0.081875 2.227831 -3.977943
v -0.075233 2.227171 -3.977943
v -0.081891 2.225561 -3.977914
v -0.088514 2.227164 -3.977943
v -0.088092 2.224950 -3.977914
v -0.094886 2.225196 -3.977944
v -0.094055 2.223141 -3.977914
v -0.100735 2.222013 -3.977946
v -0.097814 2.231864 -3.977703
v -0.104953 2.228048 -3.977703
v -0.097814 2.231864 -3.973153
v -0.095968 2.227407 -3.973153
v -0.090068 2.234213 -3.973153
v -0.104953 2.228048 -3.973153
v -0.102273 2.224037 -3.973153
v -0.111210 2.222913 -3.973153
v -0.107798 2.219502 -3.973153
v -0.111210 2.222913 -3.977703
v -0.116344 2.216656 -3.973153
v -0.112333 2.213976 -3.973153
v -0.116344 2.216656 -3.977703
v -0.120160 2.209518 -3.973153
v -0.115703 2.207672 -3.973153
v -0.120160 2.209518 -3.977703
v -0.122510 2.201772 -3.973153
v -0.117778 2.200831 -3.973153
v -0.122510 2.201772 -3.977703
v -0.123303 2.193717 -3.973153
v -0.118479 2.193717 -3.973153
v -0.123303 2.193717 -3.977703
v -0.122510 2.185662 -3.973153
v -0.117778 2.186603 -3.973153
v -0.122510 2.185662 -3.977703
v -0.120160 2.177916 -3.973153
v -0.115703 2.179762 -3.973153
v -0.120160 2.177916 -3.977703
v -0.116345 2.170777 -3.973153
v -0.112333 2.173458 -3.973153
v -0.116345 2.170777 -3.977703
v -0.111210 2.164520 -3.973153
v -0.107798 2.167932 -3.973153
v -0.111210 2.164520 -3.977703
v -0.104953 2.159385 -3.973153
v -0.102273 2.163397 -3.973153
v -0.104953 2.159385 -3.977703
v -0.097814 2.155570 -3.973153
v -0.095968 2.160027 -3.973153
v -0.097814 2.155570 -3.977703
v -0.090068 2.153220 -3.973153
v -0.089127 2.157952 -3.973153
v -0.090068 2.153220 -3.977703
v -0.082013 2.152427 -3.973153
v -0.082013 2.157251 -3.973153
v -0.082013 2.152427 -3.977703
v -0.073958 2.153220 -3.973153
v -0.074899 2.157952 -3.973153
v -0.073958 2.153220 -3.977703
v -0.066212 2.155570 -3.973153
v -0.068058 2.160027 -3.973153
v -0.066212 2.155570 -3.977703
v -0.059074 2.159385 -3.973153
v -0.061754 2.163397 -3.973153
v -0.059074 2.159385 -3.977703
v -0.052817 2.164520 -3.973153
v -0.056228 2.167932 -3.973153
v -0.052817 2.164520 -3.977703
v -0.047682 2.170777 -3.973153
v -0.051693 2.173458 -3.973153
v -0.047682 2.170777 -3.977703
v -0.043866 2.177916 -3.973153
v -0.048323 2.179762 -3.973153
v -0.043866 2.177916 -3.977703
v -0.041516 2.185662 -3.973153
v -0.046248 2.186603 -3.973153
v -0.041516 2.185662 -3.977703
v -0.040723 2.193717 -3.973153
v -0.045547 2.193717 -3.973153
v -0.040723 2.193717 -3.977703
v -0.041516 2.201772 -3.973153
v -0.046248 2.200831 -3.973153
v -0.041516 2.201772 -3.977703
v -0.043866 2.209518 -3.973153
v -0.048323 2.207672 -3.973153
v -0.043866 2.209518 -3.977703
v -0.047682 2.216656 -3.973153
v -0.051693 2.213976 -3.973153
v -0.047682 2.216656 -3.977703
v -0.052817 2.222913 -3.973153
v -0.056228 2.219502 -3.973153
v -0.052817 2.222913 -3.977703
v -0.059074 2.228048 -3.973153
v -0.061754 2.224037 -3.973153
v -0.059074 2.228048 -3.977703
v -0.066212 2.231864 -3.973153
v -0.068058 2.227407 -3.973153
v -0.066212 2.231864 -3.977703
v -0.073958 2.234213 -3.973153
v -0.074899 2.229482 -3.973153
v -0.074899 2.229482 -3.955160
v -0.082013 2.230183 -3.973153
v -0.082013 2.230183 -3.955160
v -0.089127 2.229482 -3.973153
v -0.089127 2.229482 -3.955160
v -0.095968 2.227407 -3.955160
v -0.102273 2.224037 -3.955160
v -0.107798 2.219502 -3.955160
v -0.112333 2.213976 -3.955160
v -0.115703 2.207672 -3.955160
v -0.117778 2.200831 -3.955160
v -0.118479 2.193717 -3.955160
v -0.117778 2.186603 -3.955160
v -0.115703 2.179762 -3.955160
v -0.112333 2.173458 -3.955160
v -0.107798 2.167932 -3.955160
v -0.102273 2.163397 -3.955160
v -0.095968 2.160027 -3.955160
v -0.089127 2.157952 -3.955160
v -0.082013 2.157251 -3.955160
v -0.074899 2.157952 -3.955160
v -0.068058 2.160027 -3.955160
v -0.061754 2.163397 -3.955160
v -0.056228 2.167932 -3.955160
v -0.051693 2.173458 -3.955160
v -0.048323 2.179762 -3.955160
v -0.046248 2.186603 -3.955160
v -0.045547 2.193717 -3.955160
v -0.046248 2.200831 -3.955160
v -0.048323 2.207672 -3.955160
v -0.051693 2.213976 -3.955160
v -0.056228 2.219502 -3.955160
v -0.061754 2.224037 -3.955160
v -0.068058 2.227407 -3.955160
v -0.068857 2.225210 -3.977944
v -0.069727 2.223141 -3.977914
v -0.062999 2.222031 -3.977945
v -0.064232 2.220204 -3.977914
v -0.057889 2.217767 -3.977947
v -0.059415 2.216251 -3.977914
v -0.053720 2.212595 -3.977949
v -0.055462 2.211434 -3.977914
v -0.050640 2.206721 -3.977951
v -0.052525 2.205939 -3.977914
v -0.048750 2.200373 -3.977952
v -0.050716 2.199976 -3.977914
v -0.048114 2.193786 -3.977952
v -0.050106 2.193775 -3.977914
v -0.048752 2.187198 -3.977952
v -0.050716 2.187574 -3.977914
v -0.050643 2.180851 -3.977951
v -0.052525 2.181611 -3.977914
v -0.053725 2.174978 -3.977949
v -0.055462 2.176116 -3.977914
v -0.057894 2.169806 -3.977947
v -0.059415 2.171299 -3.977914
v -0.063004 2.165544 -3.977946
v -0.064232 2.167346 -3.977914
v -0.068860 2.162366 -3.977944
v -0.069727 2.164409 -3.977914
v -0.075235 2.160406 -3.977943
v -0.075690 2.162600 -3.977914
v -0.081875 2.159745 -3.977943
v -0.081891 2.161989 -3.977914
v -0.088512 2.160413 -3.977943
v -0.088092 2.162600 -3.977914
v -0.094882 2.162379 -3.977945
v -0.094055 2.164409 -3.977914
v -0.100730 2.165562 -3.977946
v -0.099550 2.167346 -3.977914
v -0.105830 2.169826 -3.977948
v -0.104367 2.171299 -3.977914
v -0.109991 2.174996 -3.977950
v -0.108320 2.176116 -3.977914
v -0.113065 2.180864 -3.977952
v -0.111258 2.181611 -3.977914
v -0.114951 2.187205 -3.977953
v -0.113066 2.187574 -3.977914
v -0.115588 2.193786 -3.977954
v -0.113677 2.193775 -3.977914
v -0.114953 2.200366 -3.977953
v -0.113066 2.199976 -3.977914
v -0.113068 2.206708 -3.977952
v -0.111257 2.205939 -3.977914
v -0.109995 2.212577 -3.977950
v -0.108320 2.211434 -3.977914
v -0.105835 2.217748 -3.977948
v -0.104367 2.216251 -3.977914
v -0.099550 2.220204 -3.977914
v -0.112811 2.216228 -3.967980
v -0.117243 2.210829 -3.967980
v -0.107412 2.220660 -3.967980
v -0.101251 2.223952 -3.967980
v -0.094567 2.225980 -3.967980
v -0.087616 2.226665 -3.967980
v -0.080664 2.225980 -3.967980
v -0.073980 2.223952 -3.967980
v -0.075690 2.224950 -3.977914
v -0.067820 2.220660 -3.967980
v -0.062420 2.216228 -3.967980
v -0.057989 2.210829 -3.967980
v -0.054696 2.204668 -3.967980
v -0.052669 2.197984 -3.967980
v -0.051984 2.191032 -3.967980
v -0.052669 2.184081 -3.967980
v -0.054696 2.177397 -3.967980
v -0.057989 2.171237 -3.967980
v -0.062420 2.165837 -3.967980
v -0.067820 2.161406 -3.967980
v -0.073980 2.158113 -3.967980
v -0.080664 2.156085 -3.967980
v -0.087616 2.155401 -3.967980
v -0.094567 2.156085 -3.967980
v -0.101252 2.158113 -3.967980
v -0.107412 2.161406 -3.967980
v -0.112811 2.165837 -3.967980
v -0.117243 2.171237 -3.967980
v -0.120535 2.177397 -3.967980
v -0.122563 2.184081 -3.967980
v -0.123248 2.191032 -3.967980
v -0.122563 2.197984 -3.967980
v -0.120535 2.204669 -3.967980
v -0.839006 1.889225 -3.970816
v -0.823843 1.880470 -3.970816
v -0.854168 1.880470 -3.970816
v -0.839006 1.889225 -3.998641
v -0.823843 1.880470 -3.998641
v -0.839006 1.886614 -4.000902
v -0.854168 1.880470 -3.998641
v -0.851908 1.879165 -4.000902
v -0.854168 1.862962 -3.998641
v -0.851908 1.864267 -4.000902
v -0.839006 1.854208 -3.998641
v -0.854168 1.862962 -3.970816
v -0.839006 1.854208 -3.970816
v -0.823843 1.862962 -3.970816
v -0.823843 1.862962 -3.998641
v -0.826104 1.864267 -4.000902
v -0.826104 1.879165 -4.000902
v -0.839006 1.856818 -4.000902
v -0.081585 2.011369 -3.970816
v -0.066423 2.002614 -3.970816
v -0.096748 2.002614 -3.970816
v -0.081585 2.011369 -3.998641
v -0.066423 2.002614 -3.998641
v -0.081585 2.008758 -4.000902
v -0.096748 2.002614 -3.998641
v -0.094488 2.001309 -4.000902
v -0.096748 1.985106 -3.998641
v -0.094488 1.986411 -4.000902
v -0.081585 1.976352 -3.998641
v -0.096748 1.985106 -3.970816
v -0.081585 1.976352 -3.970816
v -0.066423 1.985106 -3.970816
v -0.066423 1.985106 -3.998641
v -0.068683 1.986411 -4.000902
v -0.068683 2.001309 -4.000902
v -0.081585 1.978962 -4.000902
v -0.081585 1.889225 -3.970816
v -0.066423 1.880470 -3.970816
v -0.096748 1.880470 -3.970816
v -0.081585 1.889225 -3.998641
v -0.066423 1.880470 -3.998641
v -0.081585 1.886614 -4.000902
v -0.096748 1.880470 -3.998641
v -0.094488 1.879165 -4.000902
v -0.096748 1.862962 -3.998641
v -0.094488 1.864267 -4.000902
v -0.081585 1.854208 -3.998641
v -0.096748 1.862962 -3.970816
v -0.081585 1.854208 -3.970816
v -0.066423 1.862962 -3.970816
v -0.066423 1.862962 -3.998641
v -0.068683 1.864267 -4.000902
v -0.068683 1.879165 -4.000902
v -0.081585 1.856818 -4.000902
v -0.843853 2.235007 -3.977703
v -0.835797 2.234213 -3.977703
v -0.843853 2.235007 -3.973153
v -0.851908 2.234213 -3.977703
v -0.843714 2.227831 -3.977943
v -0.837073 2.227171 -3.977943
v -0.843730 2.225561 -3.977914
v -0.850354 2.227164 -3.977943
v -0.849932 2.224950 -3.977914
v -0.856725 2.225196 -3.977944
v -0.855894 2.223141 -3.977914
v -0.862574 2.222013 -3.977946
v -0.859653 2.231864 -3.977703
v -0.866792 2.228048 -3.977703
v -0.859653 2.231864 -3.973153
v -0.857807 2.227407 -3.973153
v -0.851908 2.234213 -3.973153
v -0.866792 2.228048 -3.973153
v -0.864112 2.224037 -3.973153
v -0.873049 2.222913 -3.973153
v -0.869637 2.219502 -3.973153
v -0.873049 2.222913 -3.977703
v -0.878184 2.216656 -3.973153
v -0.874173 2.213976 -3.973153
v -0.878184 2.216656 -3.977703
v -0.881999 2.209518 -3.973153
v -0.877542 2.207672 -3.973153
v -0.881999 2.209518 -3.977703
v -0.884349 2.201772 -3.973153
v -0.879617 2.200831 -3.973153
v -0.884349 2.201772 -3.977703
v -0.885143 2.193717 -3.973153
v -0.880318 2.193717 -3.973153
v -0.885143 2.193717 -3.977703
v -0.884349 2.185662 -3.973153
v -0.879617 2.186603 -3.973153
v -0.884349 2.185662 -3.977703
v -0.881999 2.177916 -3.973153
v -0.877542 2.179762 -3.973153
v -0.881999 2.177916 -3.977703
v -0.878184 2.170777 -3.973153
v -0.874173 2.173458 -3.973153
v -0.878184 2.170777 -3.977703
v -0.873049 2.164520 -3.973153
v -0.869638 2.167932 -3.973153
v -0.873049 2.164520 -3.977703
v -0.866792 2.159385 -3.973153
v -0.864112 2.163397 -3.973153
v -0.866792 2.159385 -3.977703
v -0.859653 2.155570 -3.973153
v -0.857807 2.160027 -3.973153
v -0.859653 2.155570 -3.977703
v -0.851908 2.153220 -3.973153
v -0.850966 2.157952 -3.973153
v -0.851908 2.153220 -3.977703
v -0.843853 2.152427 -3.973153
v -0.843853 2.157251 -3.973153
v -0.843853 2.152427 -3.977703
v -0.835797 2.153220 -3.973153
v -0.836738 2.157952 -3.973153
v -0.835797 2.153220 -3.977703
v -0.828051 2.155570 -3.973153
v -0.829898 2.160027 -3.973153
v -0.828051 2.155570 -3.977703
v -0.820913 2.159385 -3.973153
v -0.823593 2.163397 -3.973153
v -0.820913 2.159385 -3.977703
v -0.814656 2.164520 -3.973153
v -0.818067 2.167932 -3.973153
v -0.814656 2.164520 -3.977703
v -0.809521 2.170777 -3.973153
v -0.813532 2.173458 -3.973153
v -0.809521 2.170777 -3.977703
v -0.805705 2.177916 -3.973153
v -0.810163 2.179762 -3.973153
v -0.805705 2.177916 -3.977703
v -0.803356 2.185662 -3.973153
v -0.808087 2.186603 -3.973153
v -0.803356 2.185662 -3.977703
v -0.802562 2.193717 -3.973153
v -0.807387 2.193717 -3.973153
v -0.802562 2.193717 -3.977703
v -0.803356 2.201772 -3.973153
v -0.808087 2.200831 -3.973153
v -0.803356 2.201772 -3.977703
v -0.805705 2.209518 -3.973153
v -0.810163 2.207672 -3.973153
v -0.805705 2.209518 -3.977703
v -0.809521 2.216656 -3.973153
v -0.813532 2.213976 -3.973153
v -0.809521 2.216656 -3.977703
v -0.814656 2.222913 -3.973153
v -0.818067 2.219502 -3.973153
v -0.814656 2.222913 -3.977703
v -0.820913 2.228048 -3.973153
v -0.823593 2.224037 -3.973153
v -0.820913 2.228048 -3.977703
v -0.828051 2.231864 -3.973153
v -0.829898 2.227407 -3.973153
v -0.828051 2.231864 -3.977703
v -0.835797 2.234213 -3.973153
v -0.836738 2.229482 -3.973153
v -0.836738 2.229482 -3.955160
v -0.843853 2.230183 -3.973153
v -0.843853 2.230183 -3.955160
v -0.850966 2.229482 -3.973153
v -0.850966 2.229482 -3.955160
v -0.857807 2.227407 -3.955160
v -0.864112 2.224037 -3.955160
v -0.869637 2.219502 -3.955160
v -0.874173 2.213976 -3.955160
v -0.877542 2.207672 -3.955160
v -0.879617 2.200831 -3.955160
v -0.880318 2.193717 -3.955160
v -0.879617 2.186603 -3.955160
v -0.877542 2.179762 -3.955160
v -0.874173 2.173458 -3.955160
v -0.869638 2.167932 -3.955160
v -0.864112 2.163397 -3.955160
v -0.857807 2.160027 -3.955160
v -0.850966 2.157952 -3.955160
v -0.843853 2.157251 -3.955160
v -0.836738 2.157952 -3.955160
v -0.829898 2.160027 -3.955160
v -0.823593 2.163397 -3.955160
v -0.818067 2.167932 -3.955160
v -0.813532 2.173458 -3.955160
v -0.810163 2.179762 -3.955160
v -0.808087 2.186603 -3.955160
v -0.807387 2.193717 -3.955160
v -0.808087 2.200831 -3.955160
v -0.810163 2.207672 -3.955160
v -0.813532 2.213976 -3.955160
v -0.818067 2.219502 -3.955160
v -0.823593 2.224037 -3.955160
v -0.829898 2.227407 -3.955160
v -0.830696 2.225210 -3.977944
v -0.831567 2.223141 -3.977914
v -0.824839 2.222031 -3.977945
v -0.826071 2.220204 -3.977914
v -0.819729 2.217767 -3.977947
v -0.821255 2.216251 -3.977914
v -0.815559 2.212595 -3.977949
v -0.817302 2.211434 -3.977914
v -0.812479 2.206721 -3.977951
v -0.814364 2.205939 -3.977914
v -0.810590 2.200373 -3.977952
v -0.812556 2.199976 -3.977914
v -0.809953 2.193786 -3.977952
v -0.811945 2.193775 -3.977914
v -0.810591 2.187198 -3.977952
v -0.812556 2.187574 -3.977914
v -0.812482 2.180851 -3.977951
v -0.814364 2.181611 -3.977914
v -0.815564 2.174978 -3.977949
v -0.817302 2.176116 -3.977914
v -0.819734 2.169806 -3.977947
v -0.821255 2.171299 -3.977914
v -0.824843 2.165544 -3.977946
v -0.826072 2.167346 -3.977914
v -0.830700 2.162366 -3.977944
v -0.831567 2.164409 -3.977914
v -0.837075 2.160406 -3.977943
v -0.837529 2.162600 -3.977914
v -0.843714 2.159745 -3.977943
v -0.843730 2.161989 -3.977914
v -0.850351 2.160413 -3.977943
v -0.849932 2.162600 -3.977914
v -0.856721 2.162379 -3.977945
v -0.855894 2.164409 -3.977914
v -0.862570 2.165562 -3.977946
v -0.861390 2.167346 -3.977914
v -0.867670 2.169826 -3.977948
v -0.866206 2.171299 -3.977914
v -0.871830 2.174996 -3.977950
v -0.870159 2.176116 -3.977914
v -0.874904 2.180864 -3.977952
v -0.873097 2.181611 -3.977914
v -0.876791 2.187205 -3.977953
v -0.874906 2.187574 -3.977914
v -0.877427 2.193786 -3.977954
v -0.875516 2.193775 -3.977914
v -0.876792 2.200366 -3.977953
v -0.874906 2.199976 -3.977914
v -0.874907 2.206708 -3.977952
v -0.873097 2.205939 -3.977914
v -0.871834 2.212577 -3.977950
v -0.870159 2.211434 -3.977914
v -0.867674 2.217748 -3.977948
v -0.866206 2.216251 -3.977914
v -0.861390 2.220204 -3.977914
v -0.874650 2.216228 -3.967980
v -0.879082 2.210829 -3.967980
v -0.869251 2.220660 -3.967980
v -0.863091 2.223952 -3.967980
v -0.856406 2.225980 -3.967980
v -0.849455 2.226665 -3.967980
v -0.842504 2.225980 -3.967980
v -0.835819 2.223952 -3.967980
v -0.837529 2.224950 -3.977914
v -0.829659 2.220660 -3.967980
v -0.824260 2.216228 -3.967980
v -0.819828 2.210829 -3.967980
v -0.816535 2.204668 -3.967980
v -0.814508 2.197984 -3.967980
v -0.813823 2.191032 -3.967980
v -0.814508 2.184081 -3.967980
v -0.816535 2.177397 -3.967980
v -0.819828 2.171237 -3.967980
v -0.824260 2.165837 -3.967980
v -0.829659 2.161406 -3.967980
v -0.835819 2.158113 -3.967980
v -0.842504 2.156085 -3.967980
v -0.849455 2.155401 -3.967980
v -0.856406 2.156085 -3.967980
v -0.863091 2.158113 -3.967980
v -0.869251 2.161406 -3.967980
v -0.874650 2.165837 -3.967980
v -0.879082 2.171237 -3.967980
v -0.882375 2.177397 -3.967980
v -0.884402 2.184081 -3.967980
v -0.885087 2.191032 -3.967980
v -0.884402 2.197984 -3.967980
v -0.882375 2.204669 -3.967980
v -0.839006 2.011369 -3.970816
v -0.823843 2.002614 -3.970816
v -0.854168 2.002614 -3.970816
v -0.839006 2.011369 -3.998641
v -0.823843 2.002614 -3.998641
v -0.839006 2.008758 -4.000902
v -0.854168 2.002614 -3.998641
v -0.851908 2.001309 -4.000902
v -0.854168 1.985106 -3.998641
v -0.851908 1.986411 -4.000902
v -0.839006 1.976352 -3.998641
v -0.854168 1.985106 -3.970816
v -0.839006 1.976352 -3.970816
v -0.823843 1.985106 -3.970816
v -0.823843 1.985106 -3.998641
v -0.826104 1.986411 -4.000902
v -0.826104 2.001309 -4.000902
v -0.839006 1.978962 -4.000902
v -0.852478 0.734240 -4.004429
v -0.852478 0.734240 -4.036668
v -0.884718 0.734240 -4.004429
v -0.852478 0.827424 -4.004429
v -0.852478 0.920609 -4.004429
v -0.884718 0.827424 -4.004429
v -0.852478 0.827424 -4.036668
v -0.852478 0.827424 -3.974042
v -0.852478 0.920609 -3.974042
v -0.884718 0.827424 -3.974042
v -0.884718 0.920609 -3.974042
v -0.884718 0.920609 -4.004429
v -0.884718 1.013793 -4.004429
v -0.884718 0.920609 -4.036668
v -0.884718 1.013793 -4.036668
v -0.884718 0.827424 -4.036668
v -0.852478 0.920609 -4.036668
v -0.852478 1.013793 -4.036668
v -0.852478 1.013793 -4.004429
v -0.884718 0.734240 -4.036668
v -0.924261 0.028798 -3.978656
v -0.924261 0.028798 -3.953256
v -0.009861 0.028798 -3.978656
v -0.924261 0.706131 -3.978656
v -0.787101 0.130398 -3.978656
v -0.147021 0.130398 -3.978656
v -0.787101 0.604531 -3.978656
v -0.780685 0.120363 -3.968910
v -0.150159 0.120363 -3.968910
v -0.780685 0.587419 -3.968910
v -0.150159 0.587419 -3.968910
v -0.147021 0.604531 -3.978656
v -0.009861 0.706131 -3.978656
v -0.009861 1.383464 -3.978656
v -0.009861 0.706131 -3.953256
v -0.147021 0.807731 -3.978656
v -0.147021 1.281864 -3.978656
v -0.787101 0.807731 -3.978656
v -0.150159 0.797696 -3.968910
v -0.150159 1.264753 -3.968910
v -0.780685 0.797696 -3.968910
v -0.780685 1.264753 -3.968910
v -0.787101 1.281864 -3.978656
v -0.924261 1.383464 -3.978656
v -0.924261 2.060798 -3.978656
v -0.787101 1.485064 -3.978656
v -0.924261 1.383464 -3.953256
v -0.924261 0.706131 -3.953256
v -0.924261 2.060798 -3.953256
v -0.009861 2.060798 -3.953256
v -0.009861 2.060798 -3.978656
v -0.009861 1.383464 -3.953256
v -0.147021 1.959198 -3.978656
v -0.787101 1.959198 -3.978656
v -0.147021 1.485064 -3.978656
v -0.150159 1.942086 -3.968910
v -0.780685 1.942086 -3.968910
v -0.150159 1.475030 -3.968910
v -0.780685 1.475030 -3.968910
v -0.009861 0.028798 -3.953256
v -0.869468 1.801331 -3.984635
v -0.869468 1.801331 -3.978539
v -0.869468 2.247299 -3.983742
v -0.819192 1.801331 -3.984635
v -0.819192 1.801331 -3.978539
v -0.819192 2.247299 -3.983742
v -0.819192 2.242989 -3.979432
v -0.819192 2.262840 -3.966938
v -0.819192 2.256744 -3.966938
v -0.869468 2.262840 -3.966938
v -0.819192 2.262840 -3.956944
v -0.819192 2.256744 -3.956944
v -0.869468 2.262840 -3.956944
v -0.869468 2.256744 -3.956944
v -0.869468 2.256744 -3.966938
v -0.869468 2.242989 -3.979432
v -0.107628 1.801331 -3.984635
v -0.107628 1.801331 -3.978539
v -0.107628 2.247299 -3.983742
v -0.057353 1.801331 -3.984635
v -0.057353 1.801331 -3.978539
v -0.057353 2.247299 -3.983742
v -0.057353 2.242989 -3.979432
v -0.057353 2.262840 -3.966938
v -0.057353 2.256744 -3.966938
v -0.107628 2.262840 -3.966938
v -0.057353 2.262840 -3.956944
v -0.057353 2.256744 -3.956944
v -0.107628 2.262840 -3.956944
v -0.107628 2.256744 -3.956944
v -0.107628 2.256744 -3.966938
v -0.107628 2.242989 -3.979432
v -0.082013 2.235007 -3.977703
v -0.073958 2.234213 -3.977703
v -0.082013 2.235007 -3.973153
v -0.090068 2.234213 -3.977703
v -0.081875 2.227831 -3.977943
v -0.075233 2.227171 -3.977943
v -0.081891 2.225561 -3.977914
v -0.088514 2.227164 -3.977943
v -0.088092 2.224950 -3.977914
v -0.094886 2.225196 -3.977944
v -0.094055 2.223141 -3.977914
v -0.100735 2.222013 -3.977946
v -0.097814 2.231864 -3.977703
v -0.104953 2.228048 -3.977703
v -0.097814 2.231864 -3.973153
v -0.095968 2.227407 -3.973153
v -0.090068 2.234213 -3.973153
v -0.104953 2.228048 -3.973153
v -0.102273 2.224037 -3.973153
v -0.111210 2.222913 -3.973153
v -0.107798 2.219502 -3.973153
v -0.111210 2.222913 -3.977703
v -0.116344 2.216656 -3.973153
v -0.112333 2.213976 -3.973153
v -0.116344 2.216656 -3.977703
v -0.120160 2.209518 -3.973153
v -0.115703 2.207672 -3.973153
v -0.120160 2.209518 -3.977703
v -0.122510 2.201772 -3.973153
v -0.117778 2.200831 -3.973153
v -0.122510 2.201772 -3.977703
v -0.123303 2.193717 -3.973153
v -0.118479 2.193717 -3.973153
v -0.123303 2.193717 -3.977703
v -0.122510 2.185662 -3.973153
v -0.117778 2.186603 -3.973153
v -0.122510 2.185662 -3.977703
v -0.120160 2.177916 -3.973153
v -0.115703 2.179762 -3.973153
v -0.120160 2.177916 -3.977703
v -0.116345 2.170777 -3.973153
v -0.112333 2.173458 -3.973153
v -0.116345 2.170777 -3.977703
v -0.111210 2.164520 -3.973153
v -0.107798 2.167932 -3.973153
v -0.111210 2.164520 -3.977703
v -0.104953 2.159385 -3.973153
v -0.102273 2.163397 -3.973153
v -0.104953 2.159385 -3.977703
v -0.097814 2.155570 -3.973153
v -0.095968 2.160027 -3.973153
v -0.097814 2.155570 -3.977703
v -0.090068 2.153220 -3.973153
v -0.089127 2.157952 -3.973153
v -0.090068 2.153220 -3.977703
v -0.082013 2.152427 -3.973153
v -0.082013 2.157251 -3.973153
v -0.082013 2.152427 -3.977703
v -0.073958 2.153220 -3.973153
v -0.074899 2.157952 -3.973153
v -0.073958 2.153220 -3.977703
v -0.066212 2.155570 -3.973153
v -0.068058 2.160027 -3.973153
v -0.066212 2.155570 -3.977703
v -0.059074 2.159385 -3.973153
v -0.061754 2.163397 -3.973153
v -0.059074 2.159385 -3.977703
v -0.052817 2.164520 -3.973153
v -0.056228 2.167932 -3.973153
v -0.052817 2.164520 -3.977703
v -0.047682 2.170777 -3.973153
v -0.051693 2.173458 -3.973153
v -0.047682 2.170777 -3.977703
v -0.043866 2.177916 -3.973153
v -0.048323 2.179762 -3.973153
v -0.043866 2.177916 -3.977703
v -0.041516 2.185662 -3.973153
v -0.046248 2.186603 -3.973153
v -0.041516 2.185662 -3.977703
v -0.040723 2.193717 -3.973153
v -0.045547 2.193717 -3.973153
v -0.040723 2.193717 -3.977703
v -0.041516 2.201772 -3.973153
v -0.046248 2.200831 -3.973153
v -0.041516 2.201772 -3.977703
v -0.043866 2.209518 -3.973153
v -0.048323 2.207672 -3.973153
v -0.043866 2.209518 -3.977703
v -0.047682 2.216656 -3.973153
v -0.051693 2.213976 -3.973153
v -0.047682 2.216656 -3.977703
v -0.052817 2.222913 -3.973153
v -0.056228 2.219502 -3.973153
v -0.052817 2.222913 -3.977703
v -0.059074 2.228048 -3.973153
v -0.061754 2.224037 -3.973153
v -0.059074 2.228048 -3.977703
v -0.066212 2.231864 -3.973153
v -0.068058 2.227407 -3.973153
v -0.066212 2.231864 -3.977703
v -0.073958 2.234213 -3.973153
v -0.074899 2.229482 -3.973153
v -0.074899 2.229482 -3.955160
v -0.082013 2.230183 -3.973153
v -0.082013 2.230183 -3.955160
v -0.089127 2.229482 -3.973153
v -0.089127 2.229482 -3.955160
v -0.095968 2.227407 -3.955160
v -0.102273 2.224037 -3.955160
v -0.107798 2.219502 -3.955160
v -0.112333 2.213976 -3.955160
v -0.115703 2.207672 -3.955160
v -0.117778 2.200831 -3.955160
v -0.118479 2.193717 -3.955160
v -0.117778 2.186603 -3.955160
v -0.115703 2.179762 -3.955160
v -0.112333 2.173458 -3.955160
v -0.107798 2.167932 -3.955160
v -0.102273 2.163397 -3.955160
v -0.095968 2.160027 -3.955160
v -0.089127 2.157952 -3.955160
v -0.082013 2.157251 -3.955160
v -0.074899 2.157952 -3.955160
v -0.068058 2.160027 -3.955160
v -0.061754 2.163397 -3.955160
v -0.056228 2.167932 -3.955160
v -0.051693 2.173458 -3.955160
v -0.048323 2.179762 -3.955160
v -0.046248 2.186603 -3.955160
v -0.045547 2.193717 -3.955160
v -0.046248 2.200831 -3.955160
v -0.048323 2.207672 -3.955160
v -0.051693 2.213976 -3.955160
v -0.056228 2.219502 -3.955160
v -0.061754 2.224037 -3.955160
v -0.068058 2.227407 -3.955160
v -0.068857 2.225210 -3.977944
v -0.069727 2.223141 -3.977914
v -0.062999 2.222031 -3.977945
v -0.064232 2.220204 -3.977914
v -0.057889 2.217767 -3.977947
v -0.059415 2.216251 -3.977914
v -0.053720 2.212595 -3.977949
v -0.055462 2.211434 -3.977914
v -0.050640 2.206721 -3.977951
v -0.052525 2.205939 -3.977914
v -0.048750 2.200373 -3.977952
v -0.050716 2.199976 -3.977914
v -0.048114 2.193786 -3.977952
v -0.050106 2.193775 -3.977914
v -0.048752 2.187198 -3.977952
v -0.050716 2.187574 -3.977914
v -0.050643 2.180851 -3.977951
v -0.052525 2.181611 -3.977914
v -0.053725 2.174978 -3.977949
v -0.055462 2.176116 -3.977914
v -0.057894 2.169806 -3.977947
v -0.059415 2.171299 -3.977914
v -0.063004 2.165544 -3.977946
v -0.064232 2.167346 -3.977914
v -0.068860 2.162366 -3.977944
v -0.069727 2.164409 -3.977914
v -0.075235 2.160406 -3.977943
v -0.075690 2.162600 -3.977914
v -0.081875 2.159745 -3.977943
v -0.081891 2.161989 -3.977914
v -0.088512 2.160413 -3.977943
v -0.088092 2.162600 -3.977914
v -0.094882 2.162379 -3.977945
v -0.094055 2.164409 -3.977914
v -0.100730 2.165562 -3.977946
v -0.099550 2.167346 -3.977914
v -0.105830 2.169826 -3.977948
v -0.104367 2.171299 -3.977914
v -0.109991 2.174996 -3.977950
v -0.108320 2.176116 -3.977914
v -0.113065 2.180864 -3.977952
v -0.111258 2.181611 -3.977914
v -0.114951 2.187205 -3.977953
v -0.113066 2.187574 -3.977914
v -0.115588 2.193786 -3.977954
v -0.113677 2.193775 -3.977914
v -0.114953 2.200366 -3.977953
v -0.113066 2.199976 -3.977914
v -0.113068 2.206708 -3.977952
v -0.111257 2.205939 -3.977914
v -0.109995 2.212577 -3.977950
v -0.108320 2.211434 -3.977914
v -0.105835 2.217748 -3.977948
v -0.104367 2.216251 -3.977914
v -0.099550 2.220204 -3.977914
v -0.112811 2.216228 -3.967980
v -0.117243 2.210829 -3.967980
v -0.107412 2.220660 -3.967980
v -0.101251 2.223952 -3.967980
v -0.094567 2.225980 -3.967980
v -0.087616 2.226665 -3.967980
v -0.080664 2.225980 -3.967980
v -0.073980 2.223952 -3.967980
v -0.075690 2.224950 -3.977914
v -0.067820 2.220660 -3.967980
v -0.062420 2.216228 -3.967980
v -0.057989 2.210829 -3.967980
v -0.054696 2.204668 -3.967980
v -0.052669 2.197984 -3.967980
v -0.051984 2.191032 -3.967980
v -0.052669 2.184081 -3.967980
v -0.054696 2.177397 -3.967980
v -0.057989 2.171237 -3.967980
v -0.062420 2.165837 -3.967980
v -0.067820 2.161406 -3.967980
v -0.073980 2.158113 -3.967980
v -0.080664 2.156085 -3.967980
v -0.087616 2.155401 -3.967980
v -0.094567 2.156085 -3.967980
v -0.101252 2.158113 -3.967980
v -0.107412 2.161406 -3.967980
v -0.112811 2.165837 -3.967980
v -0.117243 2.171237 -3.967980
v -0.120535 2.177397 -3.967980
v -0.122563 2.184081 -3.967980
v -0.123248 2.191032 -3.967980
v -0.122563 2.197984 -3.967980
v -0.120535 2.204669 -3.967980
v -0.839006 1.889225 -3.970816
v -0.823843 1.880470 -3.970816
v -0.854168 1.880470 -3.970816
v -0.839006 1.889225 -3.998641
v -0.823843 1.880470 -3.998641
v -0.839006 1.886614 -4.000902
v -0.854168 1.880470 -3.998641
v -0.851908 1.879165 -4.000902
v -0.854168 1.862962 -3.998641
v -0.851908 1.864267 -4.000902
v -0.839006 1.854208 -3.998641
v -0.854168 1.862962 -3.970816
v -0.839006 1.854208 -3.970816
v -0.823843 1.862962 -3.970816
v -0.823843 1.862962 -3.998641
v -0.826104 1.864267 -4.000902
v -0.826104 1.879165 -4.000902
v -0.839006 1.856818 -4.000902
v -0.081585 2.011369 -3.970816
v -0.066423 2.002614 -3.970816
v -0.096748 2.002614 -3.970816
v -0.081585 2.011369 -3.998641
v -0.066423 2.002614 -3.998641
v -0.081585 2.008758 -4.000902
v -0.096748 2.002614 -3.998641
v -0.094488 2.001309 -4.000902
v -0.096748 1.985106 -3.998641
v -0.094488 1.986411 -4.000902
v -0.081585 1.976352 -3.998641
v -0.096748 1.985106 -3.970816
v -0.081585 1.976352 -3.970816
v -0.066423 1.985106 -3.970816
v -0.066423 1.985106 -3.998641
v -0.068683 1.986411 -4.000902
v -0.068683 2.001309 -4.000902
v -0.081585 1.978962 -4.000902
v -0.081585 1.889225 -3.970816
v -0.066423 1.880470 -3.970816
v -0.096748 1.880470 -3.970816
v -0.081585 1.889225 -3.998641
v -0.066423 1.880470 -3.998641
v -0.081585 1.886614 -4.000902
v -0.096748 1.880470 -3.998641
v -0.094488 1.879165 -4.000902
v -0.096748 1.862962 -3.998641
v -0.094488 1.864267 -4.000902
v -0.081585 1.854208 -3.998641
v -0.096748 1.862962 -3.970816
v -0.081585 1.854208 -3.970816
v -0.066423 1.862962 -3.970816
v -0.066423 1.862962 -3.998641
v -0.068683 1.864267 -4.000902
v -0.068683 1.879165 -4.000902
v -0.081585 1.856818 -4.000902
vn -0.0000 -0.0000 -1.0000
vn 0.5000 0.8660 -0.0000
vn -0.5000 0.8660 -0.0000
vn 0.3536 0.6122 0.7072
vn -0.3536 0.6123 0.7072
vn -0.7071 -0.0000 0.7071
vn -1.0000 -0.0000 -0.0000
vn -0.3535 -0.6123 0.7072
vn -0.5000 -0.8660 -0.0000
vn 0.5000 -0.8660 -0.0000
vn 1.0000 -0.0000 -0.0000
vn 0.3535 -0.6123 0.7072
vn 0.7069 -0.0000 0.7073
vn -0.0000 -0.0000 1.0000
vn -0.0000 -1.0000 -0.0000
vn -0.0000 1.0000 -0.0000
vn -0.0000 0.0020 1.0000
vn -0.0000 0.7342 0.6790
vn -0.0000 -0.6724 -0.7402
vn -0.0000 0.0020 -1.0000
vn 0.3535 0.6125 0.7070
vn -0.3535 0.6123 0.7072
vn -0.7071 -0.0000 0.7072
vn 0.3535 -0.6125 0.7070
vn 0.3536 0.6123 0.7072
vn 0.7071 -0.0000 0.7071
vn 0.3534 0.6126 0.7070
vn -0.7070 -0.0000 0.7072
vn 0.7070 -0.0000 0.7072
vn -0.5001 0.8660 -0.0000
vn 0.3536 0.6124 -0.7070
vn -0.3536 0.6124 -0.7070
vn -0.7073 -0.0000 -0.7069
vn -0.3536 -0.6125 -0.7070
vn 0.3536 -0.6125 -0.7070
vn 0.7071 -0.0000 -0.7071
vn -0.0000 0.7342 -0.6790
vn -0.0000 -0.6724 0.7402
vn 0.3536 0.6124 -0.7071
vn 0.5001 0.8660 -0.0000
vn -0.7073 -0.0000 -0.7070
vn 0.7073 -0.0000 -0.7070
vn 0.1441 0.7244 0.6742
vn -0.0000 0.7386 0.6742
vn -0.0000 0.0118 0.9999
vn 0.0023 0.0116 0.9999
vn -0.0000 0.7279 -0.6857
vn 0.1420 0.7139 -0.6857
vn -0.1420 0.7139 -0.6857
vn -0.1441 0.7243 0.6743
vn -0.0022 0.0114 0.9999
vn -0.0233 -0.7208 0.6927
vn -0.1532 -0.6673 0.7289
vn 0.1229 -0.7494 0.6506
vn -0.0042 0.0104 0.9999
vn 0.2794 -0.7455 0.6051
vn -0.2826 0.6822 0.6743
vn -0.0058 0.0089 0.9999
vn 0.4377 -0.7039 0.5595
vn -0.4103 0.6140 0.6744
vn -0.4044 0.6052 -0.6857
vn -0.2785 0.6725 -0.6857
vn -0.1334 0.6705 -0.7298
vn -0.2616 0.6316 -0.7298
vn -0.3798 0.5684 -0.7298
vn -0.5147 0.5147 -0.6857
vn -0.4834 0.4834 -0.7298
vn -0.5221 0.5221 0.6744
vn -0.6052 0.4044 -0.6857
vn -0.5684 0.3798 -0.7299
vn -0.6139 0.4102 0.6744
vn -0.6725 0.2786 -0.6857
vn -0.6316 0.2616 -0.7298
vn -0.6821 0.2825 0.6745
vn -0.7139 0.1420 -0.6857
vn -0.6705 0.1334 -0.7298
vn -0.7241 0.1440 0.6745
vn -0.7279 -0.0000 -0.6857
vn -0.6836 -0.0000 -0.7298
vn -0.7382 -0.0000 0.6745
vn -0.7139 -0.1420 -0.6857
vn -0.6705 -0.1334 -0.7298
vn -0.7240 -0.1441 0.6746
vn -0.6725 -0.2785 -0.6857
vn -0.6316 -0.2616 -0.7298
vn -0.6820 -0.2825 0.6746
vn -0.6052 -0.4044 -0.6857
vn -0.5684 -0.3798 -0.7299
vn -0.6138 -0.4101 0.6745
vn -0.5147 -0.5147 -0.6857
vn -0.4834 -0.4834 -0.7299
vn -0.5220 -0.5220 0.6745
vn -0.4044 -0.6052 -0.6857
vn -0.3798 -0.5684 -0.7298
vn -0.4101 -0.6139 0.6745
vn -0.2785 -0.6725 -0.6857
vn -0.2616 -0.6316 -0.7298
vn -0.2825 -0.6821 0.6745
vn -0.1420 -0.7139 -0.6857
vn -0.1334 -0.6705 -0.7298
vn -0.1441 -0.7241 0.6744
vn -0.0000 -0.7279 -0.6857
vn -0.0000 -0.6836 -0.7299
vn -0.0000 -0.7383 0.6744
vn 0.1420 -0.7139 -0.6857
vn 0.1334 -0.6705 -0.7298
vn 0.1440 -0.7242 0.6744
vn 0.2786 -0.6725 -0.6857
vn 0.2616 -0.6316 -0.7298
vn 0.2826 -0.6822 0.6743
vn 0.4044 -0.6052 -0.6857
vn 0.3798 -0.5684 -0.7298
vn 0.4102 -0.6140 0.6743
vn 0.5147 -0.5147 -0.6857
vn 0.4834 -0.4834 -0.7298
vn 0.5222 -0.5222 0.6742
vn 0.6052 -0.4044 -0.6857
vn 0.5684 -0.3798 -0.7299
vn 0.6141 -0.4104 0.6742
vn 0.6725 -0.2785 -0.6857
vn 0.6316 -0.2616 -0.7298
vn 0.6824 -0.2827 0.6741
vn 0.7139 -0.1420 -0.6857
vn 0.6705 -0.1334 -0.7299
vn 0.7244 -0.1441 0.6741
vn 0.7279 -0.0000 -0.6857
vn 0.6837 -0.0000 -0.7298
vn 0.7387 -0.0000 0.6741
vn 0.7139 0.1420 -0.6857
vn 0.6705 0.1334 -0.7299
vn 0.7245 0.1441 0.6741
vn 0.6725 0.2786 -0.6857
vn 0.6316 0.2616 -0.7298
vn 0.6825 0.2827 0.6740
vn 0.6052 0.4044 -0.6857
vn 0.5684 0.3798 -0.7298
vn 0.6142 0.4104 0.6741
vn 0.5147 0.5147 -0.6857
vn 0.4834 0.4834 -0.7298
vn 0.5223 0.5223 0.6741
vn 0.4044 0.6052 -0.6857
vn 0.3798 0.5684 -0.7298
vn 0.4104 0.6141 0.6741
vn 0.2786 0.6725 -0.6857
vn 0.2616 0.6316 -0.7298
vn 0.2826 0.6824 0.6741
vn 0.1334 0.6705 -0.7298
vn -0.0000 0.6836 -0.7298
vn 0.2785 0.6725 -0.6857
vn 0.6725 -0.2786 -0.6857
vn 0.2785 -0.6725 -0.6857
vn -0.6725 0.2785 -0.6857
vn 0.0044 0.0107 0.9999
vn 0.0062 0.0094 0.9999
vn -0.2645 -0.5965 0.7577
vn -0.3581 -0.5144 0.7792
vn 0.0075 0.0077 0.9999
vn -0.4359 -0.4250 0.7933
vn 0.0084 0.0057 0.9999
vn -0.5000 -0.3301 0.8007
vn 0.0088 0.0037 1.0000
vn -0.5519 -0.2297 0.8017
vn 0.0089 0.0018 1.0000
vn -0.5920 -0.1233 0.7965
vn 0.0090 -0.0000 1.0000
vn -0.6194 -0.0099 0.7850
vn 0.0089 -0.0018 1.0000
vn -0.6324 0.1114 0.7666
vn 0.0086 -0.0036 1.0000
vn -0.6272 0.2399 0.7410
vn 0.0081 -0.0056 1.0000
vn -0.5990 0.3738 0.7082
vn 0.0073 -0.0074 0.9999
vn -0.5429 0.5075 0.6691
vn 0.0060 -0.0091 0.9999
vn -0.4557 0.6335 0.6254
vn 0.0043 -0.0104 0.9999
vn -0.3371 0.7415 0.5801
vn 0.0022 -0.0111 0.9999
vn -0.1911 0.8221 0.5363
vn -0.0000 -0.0113 0.9999
vn -0.0251 0.8676 0.4967
vn -0.0021 -0.0110 0.9999
vn 0.1513 0.8735 0.4627
vn -0.0040 -0.0100 0.9999
vn 0.3278 0.8385 0.4352
vn -0.0055 -0.0086 0.9999
vn 0.4944 0.7642 0.4142
vn -0.0066 -0.0068 1.0000
vn 0.6421 0.6542 0.3996
vn -0.0072 -0.0050 1.0000
vn 0.7633 0.5141 0.3913
vn -0.0075 -0.0032 1.0000
vn 0.8517 0.3509 0.3893
vn -0.0076 -0.0015 1.0000
vn 0.9029 0.1727 0.3937
vn -0.0073 -0.0000 1.0000
vn 0.9145 -0.0116 0.4045
vn -0.0077 0.0016 1.0000
vn 0.8858 -0.1926 0.4222
vn -0.0074 0.0033 1.0000
vn 0.8186 -0.3609 0.4469
vn -0.0075 0.0052 1.0000
vn 0.7168 -0.5073 0.4784
vn -0.0068 0.0071 1.0000
vn 0.5870 -0.6235 0.5164
vn 0.7618 -0.4820 0.4328
vn 0.6433 -0.6077 0.4656
vn 0.5020 -0.7028 0.5040
vn -0.1220 -0.7242 0.6787
vn 0.0247 -0.7700 0.6376
vn 0.1833 -0.7843 0.5927
vn 0.3455 -0.7624 0.5472
vn 0.8513 -0.3320 0.4063
vn 0.9076 -0.1651 0.3859
vn 0.9285 0.0107 0.3713
vn 0.9130 0.1878 0.3621
vn 0.8621 0.3585 0.3581
vn 0.7779 0.5156 0.3593
vn 0.6639 0.6524 0.3656
vn 0.5251 0.7629 0.3772
vn 0.3673 0.8424 0.3944
vn 0.1975 0.8870 0.4175
vn 0.0238 0.8943 0.4468
vn -0.1452 0.8639 0.4822
vn -0.3008 0.7975 0.5230
vn -0.4345 0.6994 0.5675
vn -0.5399 0.5767 0.6132
vn -0.6137 0.4383 0.6567
vn -0.6563 0.2935 0.6951
vn -0.6709 0.1495 0.7263
vn -0.6622 0.0111 0.7493
vn -0.6342 -0.1197 0.7638
vn -0.5899 -0.2428 0.7701
vn -0.5302 -0.3586 0.7683
vn -0.4549 -0.4669 0.7583
vn -0.3626 -0.5665 0.7400
vn -0.2518 -0.6541 0.7133
vn 0.2794 -0.7455 0.6052
vn -0.5684 0.3798 -0.7298
vn -0.6724 0.2786 -0.6857
vn -0.6316 0.2616 -0.7299
vn -0.6821 0.2826 0.6745
vn -0.7382 -0.0000 0.6746
vn -0.7240 -0.1440 0.6745
vn -0.6316 -0.2616 -0.7299
vn -0.5684 -0.3798 -0.7298
vn -0.4834 -0.4834 -0.7298
vn -0.1441 -0.7241 0.6745
vn 0.5684 -0.3798 -0.7298
vn 0.6724 -0.2786 -0.6857
vn 0.6315 -0.2616 -0.7299
vn 0.6705 -0.1334 -0.7298
vn 0.6836 -0.0000 -0.7298
vn 0.7386 -0.0000 0.6741
vn 0.6705 0.1334 -0.7298
vn -0.6725 -0.2786 -0.6857
vn -0.2645 -0.5965 0.7578
vn -0.5000 -0.3300 0.8007
vn -0.5919 -0.1233 0.7965
vn 0.0088 -0.0018 1.0000
vn -0.6324 0.1113 0.7666
vn -0.5990 0.3737 0.7082
vn -0.0251 0.8676 0.4966
vn 0.4944 0.7642 0.4141
vn 0.8517 0.3508 0.3893
vn -0.0073 -0.0014 1.0000
vn 0.9029 0.1727 0.3936
vn -0.0077 -0.0000 1.0000
vn 0.9147 -0.0116 0.4041
vn 0.8858 -0.1927 0.4222
vn -0.0077 0.0033 1.0000
vn 0.8186 -0.3609 0.4468
vn 0.7168 -0.5072 0.4784
vn 0.0248 -0.7700 0.6376
vn 0.9076 -0.1652 0.3859
vn 0.5250 0.7629 0.3772
vn 0.3673 0.8424 0.3943
vn -0.6137 0.4383 0.6568
vn -0.6563 0.2934 0.6951
vn -0.6709 0.1495 0.7264
vn -0.0001 -0.0000 -1.0000
vn 0.0001 -0.0000 -1.0000
vn 0.1441 0.7244 -0.6742
vn 0.0023 0.0116 -0.9999
vn -0.0000 0.0118 -0.9999
vn -0.0000 0.7386 -0.6742
vn -0.0000 0.7279 0.6857
vn 0.1420 0.7139 0.6857
vn -0.1420 0.7139 0.6857
vn -0.1441 0.7243 -0.6743
vn -0.0022 0.0114 -0.9999
vn -0.1531 -0.6673 -0.7289
vn -0.0233 -0.7209 -0.6927
vn 0.1228 -0.7494 -0.6506
vn 0.2794 -0.7455 -0.6051
vn -0.0042 0.0101 -0.9999
vn -0.2826 0.6823 -0.6743
vn 0.4377 -0.7039 -0.5594
vn -0.0058 0.0089 -0.9999
vn -0.4102 0.6140 -0.6743
vn -0.4044 0.6052 0.6857
vn -0.2785 0.6725 0.6857
vn -0.2616 0.6316 0.7298
vn -0.1334 0.6705 0.7298
vn -0.3798 0.5684 0.7299
vn -0.5147 0.5147 0.6857
vn -0.4834 0.4834 0.7298
vn -0.5221 0.5221 -0.6744
vn -0.6052 0.4044 0.6857
vn -0.5684 0.3798 0.7299
vn -0.6139 0.4102 -0.6744
vn -0.6725 0.2785 0.6857
vn -0.6316 0.2616 0.7298
vn -0.6821 0.2825 -0.6745
vn -0.7139 0.1420 0.6857
vn -0.6705 0.1334 0.7298
vn -0.7241 0.1441 -0.6745
vn -0.7279 -0.0000 0.6857
vn -0.6836 -0.0000 0.7298
vn -0.7383 -0.0000 -0.6745
vn -0.7139 -0.1420 0.6857
vn -0.6705 -0.1334 0.7298
vn -0.7240 -0.1441 -0.6745
vn -0.6725 -0.2785 0.6857
vn -0.6316 -0.2616 0.7298
vn -0.6820 -0.2825 -0.6746
vn -0.6052 -0.4044 0.6857
vn -0.5684 -0.3798 0.7298
vn -0.6139 -0.4101 -0.6745
vn -0.5147 -0.5147 0.6857
vn -0.4834 -0.4834 0.7298
vn -0.5220 -0.5220 -0.6745
vn -0.4044 -0.6052 0.6857
vn -0.3798 -0.5684 0.7298
vn -0.4101 -0.6139 -0.6745
vn -0.2785 -0.6725 0.6857
vn -0.2616 -0.6316 0.7298
vn -0.2825 -0.6821 -0.6745
vn -0.1420 -0.7139 0.6857
vn -0.1334 -0.6705 0.7298
vn -0.1440 -0.7241 -0.6744
vn -0.0000 -0.7279 0.6857
vn -0.0000 -0.6836 0.7299
vn -0.0000 -0.7383 -0.6744
vn 0.1420 -0.7139 0.6857
vn 0.1334 -0.6705 0.7298
vn 0.1440 -0.7242 -0.6744
vn 0.2786 -0.6725 0.6857
vn 0.2616 -0.6316 0.7298
vn 0.2825 -0.6822 -0.6743
vn 0.4044 -0.6052 0.6857
vn 0.3798 -0.5684 0.7298
vn 0.4102 -0.6141 -0.6743
vn 0.5147 -0.5147 0.6857
vn 0.4834 -0.4834 0.7298
vn 0.5222 -0.5222 -0.6742
vn 0.6052 -0.4044 0.6857
vn 0.5684 -0.3798 0.7298
vn 0.6141 -0.4103 -0.6742
vn 0.6725 -0.2785 0.6857
vn 0.6316 -0.2616 0.7298
vn 0.6824 -0.2827 -0.6741
vn 0.7139 -0.1420 0.6857
vn 0.6705 -0.1334 0.7299
vn 0.7244 -0.1441 -0.6741
vn 0.7279 -0.0000 0.6857
vn 0.6837 -0.0000 0.7298
vn 0.7387 -0.0000 -0.6741
vn 0.7139 0.1420 0.6857
vn 0.6705 0.1334 0.7298
vn 0.7245 0.1441 -0.6741
vn 0.6725 0.2786 0.6857
vn 0.6316 0.2616 0.7298
vn 0.6825 0.2827 -0.6740
vn 0.6052 0.4044 0.6857
vn 0.5684 0.3798 0.7298
vn 0.6142 0.4104 -0.6741
vn 0.5147 0.5147 0.6857
vn 0.4834 0.4834 0.7298
vn 0.5223 0.5223 -0.6741
vn 0.4044 0.6052 0.6857
vn 0.3798 0.5684 0.7298
vn 0.4104 0.6142 -0.6741
vn 0.2785 0.6725 0.6857
vn 0.2616 0.6316 0.7298
vn 0.2826 0.6824 -0.6741
vn 0.1334 0.6705 0.7298
vn -0.0000 0.6836 0.7298
vn 0.2786 0.6725 0.6857
vn 0.6725 -0.2786 0.6857
vn 0.0044 0.0108 -0.9999
vn 0.0062 0.0094 -0.9999
vn -0.3581 -0.5144 -0.7792
vn -0.2645 -0.5965 -0.7578
vn 0.0075 0.0077 -0.9999
vn -0.4359 -0.4250 -0.7933
vn 0.0083 0.0057 -0.9999
vn -0.5000 -0.3301 -0.8006
vn 0.0088 0.0037 -1.0000
vn -0.5518 -0.2297 -0.8017
vn 0.0090 0.0018 -1.0000
vn -0.5919 -0.1233 -0.7965
vn 0.0090 -0.0000 -1.0000
vn -0.6194 -0.0099 -0.7850
vn 0.0089 -0.0018 -1.0000
vn -0.6324 0.1114 -0.7666
vn 0.0086 -0.0037 -1.0000
vn -0.6271 0.2399 -0.7410
vn 0.0081 -0.0056 -1.0000
vn -0.5989 0.3738 -0.7082
vn 0.0073 -0.0074 -0.9999
vn -0.5429 0.5076 -0.6690
vn 0.0060 -0.0090 -0.9999
vn -0.4557 0.6335 -0.6253
vn 0.0042 -0.0104 -0.9999
vn -0.3371 0.7415 -0.5800
vn 0.0022 -0.0112 -0.9999
vn -0.1911 0.8221 -0.5363
vn -0.0000 -0.0114 -0.9999
vn -0.0251 0.8676 -0.4967
vn -0.0021 -0.0110 -0.9999
vn 0.1513 0.8735 -0.4627
vn -0.0040 -0.0100 -0.9999
vn 0.3278 0.8386 -0.4351
vn -0.0056 -0.0085 -0.9999
vn 0.4944 0.7642 -0.4141
vn -0.0066 -0.0069 -1.0000
vn 0.6422 0.6542 -0.3996
vn -0.0072 -0.0047 -1.0000
vn 0.7633 0.5141 -0.3913
vn -0.0075 -0.0032 -1.0000
vn 0.8517 0.3509 -0.3893
vn -0.0076 -0.0016 -1.0000
vn 0.9029 0.1726 -0.3936
vn -0.0076 -0.0000 -1.0000
vn 0.9145 -0.0116 -0.4044
vn -0.0076 0.0016 -1.0000
vn 0.8858 -0.1926 -0.4221
vn -0.0077 0.0033 -1.0000
vn 0.8186 -0.3609 -0.4468
vn -0.0075 0.0052 -1.0000
vn 0.7168 -0.5072 -0.4784
vn -0.0069 0.0071 -1.0000
vn 0.5870 -0.6235 -0.5164
vn 0.6433 -0.6077 -0.4656
vn 0.7618 -0.4820 -0.4328
vn 0.5020 -0.7028 -0.5040
vn -0.1220 -0.7242 -0.6787
vn -0.2518 -0.6541 -0.7133
vn -0.3626 -0.5665 -0.7400
vn -0.4549 -0.4669 -0.7583
vn -0.5302 -0.3587 -0.7683
vn -0.5899 -0.2429 -0.7701
vn -0.6342 -0.1197 -0.7638
vn -0.6622 0.0111 -0.7493
vn -0.6709 0.1495 -0.7263
vn -0.6563 0.2935 -0.6951
vn -0.6137 0.4383 -0.6567
vn -0.5399 0.5767 -0.6132
vn -0.4345 0.6994 -0.5675
vn -0.3008 0.7975 -0.5230
vn -0.1452 0.8639 -0.4822
vn 0.0238 0.8943 -0.4468
vn 0.1975 0.8870 -0.4175
vn 0.3672 0.8424 -0.3944
vn 0.5251 0.7629 -0.3772
vn 0.6639 0.6523 -0.3656
vn 0.7778 0.5156 -0.3593
vn 0.8621 0.3585 -0.3581
vn 0.9130 0.1878 -0.3621
vn 0.9285 0.0107 -0.3713
vn 0.9076 -0.1651 -0.3859
vn 0.8513 -0.3320 -0.4063
vn 0.3455 -0.7624 -0.5472
vn 0.1833 -0.7843 -0.5927
vn 0.0247 -0.7700 -0.6376
vn 0.2794 -0.7455 -0.6052
vn -0.0042 0.0104 -0.9999
vn 0.4376 -0.7039 -0.5594
vn -0.3798 0.5684 0.7298
vn -0.5222 0.5221 -0.6744
vn -0.5684 0.3798 0.7298
vn -0.6725 0.2786 0.6857
vn -0.6821 0.2826 -0.6745
vn -0.7241 0.1440 -0.6745
vn -0.7382 -0.0000 -0.6745
vn -0.7241 -0.1440 -0.6745
vn -0.6316 -0.2616 0.7299
vn 0.6705 -0.1334 0.7298
vn 0.6836 -0.0000 0.7298
vn 0.7386 -0.0000 -0.6741
vn 0.6316 0.2616 0.7299
vn 0.6824 0.2827 -0.6740
vn 0.2616 0.6316 0.7299
vn -0.6725 -0.2786 0.6857
vn -0.5000 -0.3300 -0.8007
vn -0.5919 -0.1233 -0.7966
vn -0.6324 0.1113 -0.7666
vn -0.6271 0.2400 -0.7410
vn -0.5989 0.3737 -0.7082
vn 0.0059 -0.0090 -0.9999
vn -0.3371 0.7415 -0.5801
vn 0.4944 0.7643 -0.4141
vn 0.7633 0.5140 -0.3913
vn 0.8517 0.3508 -0.3893
vn 0.9029 0.1727 -0.3936
vn 0.8186 -0.3608 -0.4468
vn 0.5870 -0.6236 -0.5164
vn -0.5302 -0.3586 -0.7683
vn -0.5899 -0.2428 -0.7701
vn -0.6709 0.1495 -0.7264
vn -0.6563 0.2934 -0.6951
vn -0.6137 0.4383 -0.6568
vn -0.4345 0.6994 -0.5676
vn 0.3672 0.8424 -0.3943
vn 0.6639 0.6524 -0.3656
vn 0.7779 0.5156 -0.3593
vn 0.9076 -0.1652 -0.3859
vn 0.0248 -0.7700 -0.6376
vn -0.0000 0.6967 -0.7174
vn 0.8353 -0.0000 0.5499
vn -0.0000 -0.4949 0.8689
vn -0.9519 -0.0000 0.3065
vn 0.8353 -0.0000 0.5498
vn -0.0000 0.6967 -0.7173
vn -0.0000 0.6967 0.7174
vn 0.8353 -0.0000 -0.5499
vn -0.0000 -0.4949 -0.8689
vn -0.9519 -0.0000 -0.3065
vn -0.0000 0.6967 0.7173
vt 0.650182 0.953227
vt 0.656894 0.949178
vt 0.663606 0.953226
vt 0.663606 0.961324
vt 0.656894 0.965372
vt 0.650182 0.961324
vt 0.921141 0.985643
vt 0.933441 0.985643
vt 0.933224 0.992574
vt 0.920925 0.992574
vt 0.920939 0.978552
vt 0.933239 0.978552
vt 0.758515 0.961323
vt 0.751803 0.965371
vt 0.751803 0.964174
vt 0.757514 0.960729
vt 0.745091 0.961323
vt 0.746092 0.960729
vt 0.950257 0.957752
vt 0.942507 0.957752
vt 0.943085 0.956651
vt 0.949680 0.956651
vt 0.942507 0.970601
vt 0.950257 0.970601
vt 0.745091 0.953226
vt 0.751803 0.949178
vt 0.751803 0.950395
vt 0.746092 0.953840
vt 0.717786 0.987696
vt 0.705470 0.987696
vt 0.705525 0.980595
vt 0.717841 0.980595
vt 0.717845 0.994616
vt 0.705529 0.994616
vt 0.444483 0.995156
vt 0.444483 0.982288
vt 0.452224 0.982288
vt 0.452224 0.995156
vt 0.758515 0.953226
vt 0.757514 0.953840
vt 0.922632 0.848706
vt 0.922632 0.891749
vt 0.908360 0.891749
vt 0.908360 0.848706
vt 0.691572 0.980436
vt 0.677303 0.980441
vt 0.677303 0.965533
vt 0.691572 0.965528
vt 0.817728 0.991316
vt 0.817728 0.948221
vt 0.832000 0.948221
vt 0.832000 0.991316
vt 0.922632 0.934793
vt 0.908360 0.934793
vt 0.936083 0.891749
vt 0.936083 0.934793
vt 0.785740 0.980434
vt 0.785740 0.965528
vt 0.799190 0.965532
vt 0.799190 0.980438
vt 0.532614 0.992408
vt 0.532614 0.949312
vt 0.546885 0.949312
vt 0.546885 0.992408
vt 0.944270 0.174321
vt 0.944270 0.217416
vt 0.930838 0.217417
vt 0.930838 0.174322
vt 0.840421 0.980490
vt 0.840421 0.965583
vt 0.853853 0.965568
vt 0.853853 0.980475
vt 0.561443 0.992407
vt 0.561443 0.949312
vt 0.575714 0.949312
vt 0.575714 0.992407
vt 0.958520 0.217415
vt 0.958520 0.260510
vt 0.944270 0.260511
vt 0.958520 0.174320
vt 0.968579 0.563929
vt 0.968579 0.607022
vt 0.954307 0.607022
vt 0.954307 0.563929
vt 0.968579 0.520836
vt 0.954307 0.520836
vt 0.922632 0.977837
vt 0.908360 0.977837
vt 0.803335 0.980450
vt 0.803335 0.965543
vt 0.817585 0.965527
vt 0.817585 0.980434
vt 0.968579 0.477743
vt 0.954307 0.477743
vt 0.958520 0.131225
vt 0.944270 0.131226
vt 0.664539 0.988814
vt 0.664539 0.965569
vt 0.667238 0.965570
vt 0.667238 0.988815
vt 0.963219 0.907393
vt 0.954277 0.701357
vt 0.956270 0.703254
vt 0.965911 0.907260
vt 0.930589 0.209328
vt 0.930589 0.415562
vt 0.908333 0.415562
vt 0.908333 0.209328
vt 0.942410 0.478042
vt 0.932755 0.681803
vt 0.930758 0.683697
vt 0.939714 0.477908
vt 0.937990 0.688424
vt 0.937863 0.691236
vt 0.601847 0.972614
vt 0.601847 0.949368
vt 0.608903 0.949219
vt 0.608903 0.972465
vt 0.942410 0.688643
vt 0.942282 0.691455
vt 0.613321 0.949214
vt 0.613321 0.972460
vt 0.871356 0.877388
vt 0.871356 0.854137
vt 0.874055 0.854137
vt 0.874055 0.877388
vt 0.961498 0.696627
vt 0.961371 0.693811
vt 0.965783 0.693592
vt 0.965911 0.696408
vt 0.773182 0.988814
vt 0.773182 0.965569
vt 0.777605 0.965571
vt 0.777605 0.988816
vt 0.885855 0.418028
vt 0.908110 0.418028
vt 0.908110 0.424389
vt 0.885855 0.424389
vt 0.908110 0.213774
vt 0.885855 0.213774
vt 0.695386 0.965570
vt 0.695386 0.988815
vt 0.692687 0.988814
vt 0.692687 0.965569
vt 0.963237 0.476027
vt 0.954294 0.269992
vt 0.956288 0.271889
vt 0.965928 0.475894
vt 0.908333 0.847029
vt 0.908333 0.640795
vt 0.930588 0.640795
vt 0.930588 0.847029
vt 0.942410 0.262359
vt 0.932755 0.466120
vt 0.930758 0.468014
vt 0.939714 0.262225
vt 0.937990 0.472741
vt 0.937863 0.475553
vt 0.613436 0.972614
vt 0.613436 0.949368
vt 0.620492 0.949219
vt 0.620492 0.972465
vt 0.942410 0.472960
vt 0.942282 0.475772
vt 0.624910 0.949214
vt 0.624910 0.972460
vt 0.871356 0.947838
vt 0.871356 0.924587
vt 0.874055 0.924587
vt 0.874055 0.947838
vt 0.961516 0.265261
vt 0.961388 0.262445
vt 0.965801 0.262226
vt 0.965928 0.265042
vt 0.872199 0.972805
vt 0.872199 0.996050
vt 0.867776 0.996048
vt 0.867776 0.972803
vt 0.908110 0.647178
vt 0.885855 0.647178
vt 0.885855 0.640817
vt 0.908110 0.640817
vt 0.885855 0.851432
vt 0.908110 0.851432
vt 0.670453 0.965372
vt 0.663741 0.961324
vt 0.663741 0.953226
vt 0.670453 0.949178
vt 0.677165 0.953226
vt 0.677165 0.961324
vt 0.625246 0.979891
vt 0.637546 0.979891
vt 0.637330 0.986823
vt 0.625030 0.986823
vt 0.625044 0.972801
vt 0.637344 0.972801
vt 0.792478 0.949178
vt 0.799190 0.953227
vt 0.798197 0.953826
vt 0.792486 0.950381
vt 0.799190 0.961324
vt 0.798197 0.960715
vt 0.590239 0.985650
vt 0.597989 0.985650
vt 0.597411 0.986751
vt 0.590816 0.986751
vt 0.597989 0.972801
vt 0.590239 0.972801
vt 0.792478 0.965372
vt 0.785766 0.961323
vt 0.786775 0.960715
vt 0.792486 0.964160
vt 0.867364 0.987735
vt 0.855048 0.987735
vt 0.855103 0.980635
vt 0.867419 0.980635
vt 0.867424 0.994656
vt 0.855108 0.994656
vt 0.462571 0.995156
vt 0.462571 0.982288
vt 0.470312 0.982288
vt 0.470312 0.995156
vt 0.785766 0.953226
vt 0.786775 0.953825
vt 0.704416 0.961324
vt 0.704416 0.953227
vt 0.711128 0.949178
vt 0.717840 0.953226
vt 0.717840 0.961323
vt 0.711128 0.965372
vt 0.798034 0.987515
vt 0.785735 0.987515
vt 0.785951 0.980583
vt 0.798251 0.980583
vt 0.798236 0.994605
vt 0.785937 0.994605
vt 0.804166 0.961324
vt 0.804166 0.953227
vt 0.805158 0.953825
vt 0.805158 0.960715
vt 0.810878 0.949178
vt 0.810870 0.950380
vt 0.436587 0.983395
vt 0.428836 0.983394
vt 0.429415 0.982293
vt 0.436010 0.982294
vt 0.428836 0.996243
vt 0.436587 0.996244
vt 0.817590 0.953226
vt 0.817590 0.961323
vt 0.816581 0.960714
vt 0.816581 0.953824
vt 0.403920 0.989214
vt 0.416236 0.989214
vt 0.416181 0.996315
vt 0.403865 0.996315
vt 0.403860 0.982294
vt 0.416176 0.982294
vt 0.494711 0.995156
vt 0.494711 0.982288
vt 0.502452 0.982288
vt 0.502452 0.995156
vt 0.810878 0.965372
vt 0.810870 0.964160
vt 0.724687 0.965372
vt 0.717974 0.961324
vt 0.717974 0.953226
vt 0.724687 0.949178
vt 0.731399 0.953226
vt 0.731399 0.961324
vt 0.664247 0.987517
vt 0.651948 0.987517
vt 0.652164 0.980586
vt 0.664463 0.980586
vt 0.664449 0.994607
vt 0.652150 0.994607
vt 0.765361 0.965533
vt 0.772073 0.969582
vt 0.771081 0.970181
vt 0.765370 0.966736
vt 0.772073 0.977679
vt 0.771081 0.977071
vt 0.832397 0.985010
vt 0.840147 0.985010
vt 0.839569 0.986111
vt 0.832974 0.986111
vt 0.840147 0.972161
vt 0.832397 0.972161
vt 0.765361 0.981727
vt 0.758650 0.977679
vt 0.759658 0.977070
vt 0.765370 0.980516
vt 0.770960 0.988979
vt 0.758644 0.988979
vt 0.758700 0.981878
vt 0.771016 0.981878
vt 0.771020 0.995899
vt 0.758704 0.995899
vt 0.502529 0.995156
vt 0.502529 0.982288
vt 0.510271 0.982288
vt 0.510271 0.995156
vt 0.758650 0.969582
vt 0.759658 0.970181
vt 0.636624 0.953227
vt 0.643336 0.949178
vt 0.650048 0.953226
vt 0.650048 0.961324
vt 0.643336 0.965372
vt 0.636624 0.961324
vt 0.908500 0.985643
vt 0.920800 0.985643
vt 0.920584 0.992574
vt 0.908284 0.992574
vt 0.908298 0.978552
vt 0.920598 0.978552
vt 0.772074 0.961323
vt 0.765362 0.965371
vt 0.765361 0.964174
vt 0.771073 0.960729
vt 0.758650 0.961323
vt 0.759650 0.960729
vt 0.950257 0.971842
vt 0.942507 0.971842
vt 0.943085 0.970741
vt 0.949680 0.970741
vt 0.942507 0.984691
vt 0.950257 0.984692
vt 0.758650 0.953226
vt 0.765362 0.949178
vt 0.765361 0.950395
vt 0.759650 0.953840
vt 0.817535 0.987695
vt 0.805219 0.987695
vt 0.805274 0.980595
vt 0.817590 0.980595
vt 0.817595 0.994616
vt 0.805279 0.994616
vt 0.470389 0.995156
vt 0.470389 0.982288
vt 0.478130 0.982288
vt 0.478130 0.995156
vt 0.772074 0.953226
vt 0.771073 0.953840
vt 0.888814 0.854730
vt 0.888814 0.897774
vt 0.874542 0.897774
vt 0.874542 0.854730
vt 0.664455 0.980436
vt 0.650186 0.980441
vt 0.650186 0.965533
vt 0.664455 0.965528
vt 0.518199 0.992408
vt 0.518199 0.949312
vt 0.532471 0.949312
vt 0.532471 0.992408
vt 0.888814 0.940818
vt 0.874542 0.940818
vt 0.902266 0.897774
vt 0.902266 0.940818
vt 0.731533 0.980434
vt 0.731533 0.965528
vt 0.744983 0.965532
vt 0.744983 0.980439
vt 0.547028 0.992408
vt 0.547028 0.949312
vt 0.561300 0.949312
vt 0.561300 0.992408
vt 0.944270 0.043742
vt 0.944270 0.086837
vt 0.930838 0.086838
vt 0.930838 0.043743
vt 0.853987 0.980490
vt 0.853987 0.965583
vt 0.867419 0.965568
vt 0.867419 0.980475
vt 0.575857 0.992407
vt 0.575857 0.949312
vt 0.590129 0.949312
vt 0.590129 0.992407
vt 0.958520 0.086836
vt 0.958520 0.129931
vt 0.944270 0.129932
vt 0.958520 0.043741
vt 0.980312 0.779356
vt 0.980312 0.822449
vt 0.966040 0.822449
vt 0.966040 0.779356
vt 0.980312 0.736263
vt 0.966040 0.736263
vt 0.888814 0.983861
vt 0.874542 0.983861
vt 0.703585 0.980451
vt 0.703585 0.965543
vt 0.717836 0.965528
vt 0.717836 0.980435
vt 0.980312 0.693170
vt 0.966040 0.693170
vt 0.958520 0.000646
vt 0.944270 0.000647
vt 0.639112 0.988814
vt 0.639112 0.965569
vt 0.641811 0.965570
vt 0.641811 0.988815
vt 0.951469 0.907393
vt 0.942526 0.701357
vt 0.944520 0.703254
vt 0.954160 0.907260
vt 0.930589 0.001031
vt 0.930589 0.207265
vt 0.908333 0.207265
vt 0.908333 0.001031
vt 0.954178 0.478042
vt 0.944523 0.681803
vt 0.942526 0.683697
vt 0.951482 0.477908
vt 0.949759 0.688424
vt 0.949631 0.691236
vt 0.590258 0.972614
vt 0.590258 0.949368
vt 0.597314 0.949219
vt 0.597314 0.972465
vt 0.954178 0.688643
vt 0.954050 0.691455
vt 0.601732 0.949214
vt 0.601732 0.972460
vt 0.871356 0.900872
vt 0.871356 0.877621
vt 0.874055 0.877621
vt 0.874055 0.900872
vt 0.949748 0.696627
vt 0.949620 0.693811
vt 0.954033 0.693592
vt 0.954160 0.696408
vt 0.745846 0.988814
vt 0.745846 0.965569
vt 0.750269 0.965570
vt 0.750269 0.988815
vt 0.885855 0.205307
vt 0.908110 0.205307
vt 0.908110 0.211668
vt 0.885855 0.211668
vt 0.908110 0.001053
vt 0.885855 0.001053
vt 0.953225 0.938130
vt 0.953225 0.961375
vt 0.950526 0.961374
vt 0.950526 0.938129
vt 0.967659 0.214870
vt 0.958717 0.008834
vt 0.960710 0.010731
vt 0.970351 0.214737
vt 0.908333 0.634308
vt 0.908333 0.428073
vt 0.930588 0.428074
vt 0.930588 0.634308
vt 0.954178 0.262359
vt 0.944523 0.466120
vt 0.942526 0.468014
vt 0.951482 0.262225
vt 0.949759 0.472741
vt 0.949631 0.475553
vt 0.625025 0.972614
vt 0.625025 0.949368
vt 0.632082 0.949219
vt 0.632082 0.972465
vt 0.954178 0.472960
vt 0.954050 0.475772
vt 0.636499 0.949214
vt 0.636499 0.972460
vt 0.871356 0.924355
vt 0.871356 0.901104
vt 0.874055 0.901104
vt 0.874055 0.924355
vt 0.965938 0.004104
vt 0.965810 0.001288
vt 0.970223 0.001069
vt 0.970351 0.003885
vt 0.723329 0.965571
vt 0.723329 0.988816
vt 0.718905 0.988814
vt 0.718905 0.965569
vt 0.908110 0.434457
vt 0.885855 0.434457
vt 0.885855 0.428095
vt 0.908110 0.428095
vt 0.885855 0.638710
vt 0.908110 0.638710
vt 0.684011 0.965372
vt 0.677299 0.961324
vt 0.677299 0.953226
vt 0.684011 0.949178
vt 0.690723 0.953226
vt 0.690723 0.961324
vt 0.601016 0.979892
vt 0.613316 0.979892
vt 0.613100 0.986823
vt 0.600800 0.986823
vt 0.600814 0.972801
vt 0.613114 0.972801
vt 0.778920 0.949178
vt 0.785632 0.953227
vt 0.784639 0.953826
vt 0.778928 0.950381
vt 0.785632 0.961324
vt 0.784639 0.960715
vt 0.617178 0.985650
vt 0.624929 0.985650
vt 0.624350 0.986751
vt 0.617755 0.986751
vt 0.624929 0.972801
vt 0.617178 0.972801
vt 0.778920 0.965372
vt 0.772208 0.961323
vt 0.773217 0.960715
vt 0.778928 0.964160
vt 0.853798 0.987735
vt 0.841482 0.987735
vt 0.841537 0.980635
vt 0.853853 0.980635
vt 0.853858 0.994656
vt 0.841542 0.994656
vt 0.454752 0.995156
vt 0.454752 0.982288
vt 0.462493 0.982288
vt 0.462493 0.995156
vt 0.772208 0.953226
vt 0.773217 0.953825
vt 0.690858 0.961324
vt 0.690858 0.953227
vt 0.697570 0.949178
vt 0.704282 0.953226
vt 0.704282 0.961323
vt 0.697570 0.965372
vt 0.743828 0.987515
vt 0.731528 0.987515
vt 0.731744 0.980583
vt 0.744044 0.980583
vt 0.744030 0.994605
vt 0.731730 0.994605
vt 0.840437 0.961365
vt 0.840437 0.953268
vt 0.841430 0.953866
vt 0.841430 0.960756
vt 0.847149 0.949219
vt 0.847141 0.950421
vt 0.494210 0.983395
vt 0.486459 0.983394
vt 0.487038 0.982293
vt 0.493633 0.982293
vt 0.486459 0.996243
vt 0.494210 0.996244
vt 0.853861 0.953267
vt 0.853861 0.961364
vt 0.852852 0.960755
vt 0.852852 0.953865
vt 0.416419 0.989214
vt 0.428736 0.989214
vt 0.428680 0.996315
vt 0.416364 0.996315
vt 0.416360 0.982294
vt 0.428676 0.982294
vt 0.436664 0.995156
vt 0.436664 0.982288
vt 0.444405 0.982288
vt 0.444405 0.995156
vt 0.847149 0.965413
vt 0.847141 0.964200
vt 0.738245 0.965372
vt 0.731533 0.961324
vt 0.731533 0.953226
vt 0.738245 0.949178
vt 0.744957 0.953226
vt 0.744957 0.961324
vt 0.691364 0.987517
vt 0.679065 0.987517
vt 0.679281 0.980586
vt 0.691580 0.980586
vt 0.691566 0.994607
vt 0.679267 0.994607
vt 0.860707 0.949219
vt 0.867419 0.953267
vt 0.866426 0.953866
vt 0.860715 0.950421
vt 0.867419 0.961364
vt 0.866426 0.960756
vt 0.863087 0.939206
vt 0.870838 0.939207
vt 0.870259 0.940308
vt 0.863664 0.940307
vt 0.870838 0.926358
vt 0.863087 0.926357
vt 0.860707 0.965413
vt 0.853995 0.961364
vt 0.855004 0.960756
vt 0.860715 0.964201
vt 0.403677 0.989394
vt 0.391361 0.989394
vt 0.391416 0.982294
vt 0.403732 0.982294
vt 0.403736 0.996315
vt 0.391420 0.996315
vt 0.510348 0.995156
vt 0.510348 0.982288
vt 0.518089 0.982288
vt 0.518089 0.995156
vt 0.853995 0.953267
vt 0.855004 0.953866
vt 0.261447 0.980404
vt 0.259456 0.977292
vt 0.262286 0.975784
vt 0.263929 0.978349
vt 0.955261 0.951538
vt 0.953250 0.951540
vt 0.953269 0.947823
vt 0.955280 0.947821
vt 0.955280 0.955270
vt 0.953269 0.955272
vt 0.258085 0.973833
vt 0.261161 0.972931
vt 0.263169 0.975282
vt 0.264701 0.977679
vt 0.262113 0.972620
vt 0.260599 0.969903
vt 0.261575 0.969794
vt 0.257386 0.970162
vt 0.260621 0.966824
vt 0.261575 0.966912
vt 0.257386 0.966418
vt 0.955427 0.962208
vt 0.953416 0.962210
vt 0.953325 0.958875
vt 0.955336 0.958873
vt 0.144723 0.977292
vt 0.142732 0.980404
vt 0.141081 0.978989
vt 0.142839 0.976240
vt 0.146094 0.973833
vt 0.144050 0.973186
vt 0.146793 0.970162
vt 0.144668 0.969943
vt 0.955549 0.965147
vt 0.953538 0.965150
vt 0.146793 0.966419
vt 0.144668 0.966637
vt 0.935615 0.825206
vt 0.937626 0.825206
vt 0.937751 0.828102
vt 0.935740 0.828102
vt 0.146094 0.962747
vt 0.144050 0.963395
vt 0.935523 0.821903
vt 0.937534 0.821903
vt 0.144723 0.959289
vt 0.142839 0.960341
vt 0.935466 0.818320
vt 0.937477 0.818320
vt 0.142732 0.956176
vt 0.141081 0.957592
vt 0.935447 0.814594
vt 0.937458 0.814594
vt 0.140198 0.953529
vt 0.138844 0.955254
vt 0.935466 0.810869
vt 0.937477 0.810869
vt 0.137219 0.951450
vt 0.136212 0.953417
vt 0.935523 0.807288
vt 0.937534 0.807288
vt 0.133909 0.950017
vt 0.133289 0.952152
vt 0.935615 0.803988
vt 0.937626 0.803988
vt 0.130394 0.949287
vt 0.130185 0.951507
vt 0.935740 0.801097
vt 0.937751 0.801097
vt 0.126811 0.949287
vt 0.127021 0.951507
vt 0.617095 0.975812
vt 0.615082 0.975812
vt 0.615115 0.972866
vt 0.617129 0.972867
vt 0.123297 0.950017
vt 0.123917 0.952152
vt 0.617070 0.979152
vt 0.615057 0.979151
vt 0.119987 0.951450
vt 0.120993 0.953418
vt 0.617055 0.982757
vt 0.615041 0.982757
vt 0.117007 0.953530
vt 0.118362 0.955254
vt 0.617050 0.986490
vt 0.615036 0.986489
vt 0.114474 0.956177
vt 0.116125 0.957592
vt 0.617055 0.990206
vt 0.615041 0.990206
vt 0.112483 0.959289
vt 0.114367 0.960341
vt 0.617070 0.993763
vt 0.615057 0.993763
vt 0.111112 0.962748
vt 0.113156 0.963395
vt 0.617095 0.997025
vt 0.615082 0.997024
vt 0.110413 0.966419
vt 0.112538 0.966638
vt 0.617129 0.999865
vt 0.615115 0.999864
vt 0.110413 0.970162
vt 0.112538 0.969944
vt 0.958583 0.637850
vt 0.956569 0.637850
vt 0.956569 0.635075
vt 0.958583 0.635075
vt 0.111112 0.973834
vt 0.113156 0.973186
vt 0.958583 0.641061
vt 0.956569 0.641061
vt 0.112483 0.977292
vt 0.114367 0.976240
vt 0.958583 0.644586
vt 0.956569 0.644586
vt 0.114474 0.980405
vt 0.116125 0.978989
vt 0.958583 0.648289
vt 0.956569 0.648289
vt 0.117008 0.983052
vt 0.118363 0.981327
vt 0.958583 0.652027
vt 0.956569 0.652027
vt 0.119987 0.985131
vt 0.120994 0.983164
vt 0.958583 0.655658
vt 0.956569 0.655658
vt 0.123297 0.986564
vt 0.123917 0.984429
vt 0.958583 0.659042
vt 0.956569 0.659042
vt 0.126812 0.987294
vt 0.127021 0.985074
vt 0.958583 0.662048
vt 0.956569 0.662048
vt 0.130395 0.987294
vt 0.130185 0.985074
vt 0.955427 0.940994
vt 0.953416 0.940997
vt 0.953538 0.938150
vt 0.955549 0.938148
vt 0.133909 0.986564
vt 0.133289 0.984429
vt 0.955336 0.944260
vt 0.953325 0.944263
vt 0.137219 0.985131
vt 0.136213 0.983163
vt 0.140199 0.983051
vt 0.138844 0.981327
vt 0.676936 0.977398
vt 0.668982 0.977407
vt 0.668999 0.974124
vt 0.676953 0.974115
vt 0.669049 0.970980
vt 0.677002 0.970971
vt 0.676953 0.980694
vt 0.668999 0.980703
vt 0.677002 0.983876
vt 0.669048 0.983885
vt 0.308590 0.982831
vt 0.305486 0.982186
vt 0.302563 0.980921
vt 0.299931 0.979084
vt 0.297694 0.976746
vt 0.295936 0.973998
vt 0.294725 0.970943
vt 0.294107 0.967701
vt 0.294107 0.964395
vt 0.294725 0.961152
vt 0.295936 0.958098
vt 0.297694 0.955349
vt 0.299931 0.953012
vt 0.302563 0.951175
vt 0.305486 0.949910
vt 0.308590 0.949265
vt 0.311754 0.949265
vt 0.314858 0.949910
vt 0.317782 0.951175
vt 0.320413 0.953012
vt 0.322650 0.955349
vt 0.324408 0.958098
vt 0.325619 0.961153
vt 0.326237 0.964395
vt 0.326237 0.967701
vt 0.325619 0.970944
vt 0.324408 0.973998
vt 0.322650 0.976747
vt 0.320413 0.979084
vt 0.317781 0.980921
vt 0.314858 0.982186
vt 0.311754 0.982831
vt 0.677083 0.986821
vt 0.669129 0.986830
vt 0.677191 0.989418
vt 0.669237 0.989426
vt 0.863239 0.923611
vt 0.871192 0.923610
vt 0.871302 0.926168
vt 0.863348 0.926168
vt 0.863157 0.920694
vt 0.871110 0.920693
vt 0.863107 0.917529
vt 0.871060 0.917529
vt 0.863090 0.914239
vt 0.871043 0.914238
vt 0.863107 0.910949
vt 0.871060 0.910949
vt 0.863157 0.907786
vt 0.871110 0.907786
vt 0.863239 0.904872
vt 0.871192 0.904872
vt 0.863348 0.902318
vt 0.871302 0.902318
vt 0.840116 0.950729
vt 0.832152 0.950726
vt 0.832182 0.948125
vt 0.840146 0.948128
vt 0.840094 0.953679
vt 0.832130 0.953676
vt 0.840080 0.956863
vt 0.832116 0.956860
vt 0.840076 0.960159
vt 0.832111 0.960156
vt 0.840080 0.963441
vt 0.832116 0.963439
vt 0.840094 0.966583
vt 0.832130 0.966580
vt 0.840116 0.969463
vt 0.832152 0.969460
vt 0.840146 0.971972
vt 0.832182 0.971969
vt 0.942508 0.954012
vt 0.950473 0.954012
vt 0.950473 0.956462
vt 0.942508 0.956462
vt 0.942508 0.951176
vt 0.950473 0.951176
vt 0.942508 0.948063
vt 0.950473 0.948063
vt 0.942508 0.944793
vt 0.950473 0.944793
vt 0.942508 0.941491
vt 0.950473 0.941491
vt 0.942508 0.938284
vt 0.950473 0.938284
vt 0.942508 0.935296
vt 0.950473 0.935296
vt 0.942508 0.932641
vt 0.950473 0.932641
vt 0.677083 0.968086
vt 0.669129 0.968095
vt 0.669237 0.965581
vt 0.677191 0.965572
vt 0.263981 0.983051
vt 0.266026 0.980522
vt 0.266960 0.985131
vt 0.268489 0.982218
vt 0.266651 0.979716
vt 0.268945 0.981317
vt 0.271220 0.983373
vt 0.271493 0.982420
vt 0.270270 0.986563
vt 0.274109 0.983946
vt 0.274198 0.982982
vt 0.273784 0.987294
vt 0.277045 0.983922
vt 0.276957 0.982982
vt 0.277367 0.987294
vt 0.279917 0.983308
vt 0.279662 0.982420
vt 0.280881 0.986564
vt 0.282622 0.982132
vt 0.282210 0.981317
vt 0.284192 0.985131
vt 0.285060 0.980436
vt 0.284504 0.979716
vt 0.287171 0.983051
vt 0.287144 0.978281
vt 0.286454 0.977679
vt 0.289704 0.980404
vt 0.288793 0.975744
vt 0.287986 0.975283
vt 0.291695 0.977292
vt 0.289942 0.972915
vt 0.289042 0.972620
vt 0.293066 0.973834
vt 0.290540 0.969902
vt 0.289580 0.969794
vt 0.293765 0.970162
vt 0.290558 0.966821
vt 0.289580 0.966912
vt 0.293765 0.966419
vt 0.289993 0.963793
vt 0.289042 0.964086
vt 0.293066 0.962748
vt 0.288865 0.960942
vt 0.287986 0.961424
vt 0.291694 0.959289
vt 0.287220 0.958380
vt 0.286453 0.959028
vt 0.289704 0.956177
vt 0.285123 0.956211
vt 0.284503 0.956990
vt 0.287170 0.953530
vt 0.282660 0.954519
vt 0.282210 0.955389
vt 0.284191 0.951450
vt 0.279931 0.953368
vt 0.279661 0.954286
vt 0.280881 0.950017
vt 0.277045 0.952799
vt 0.276956 0.953724
vt 0.277367 0.949287
vt 0.274112 0.952824
vt 0.274198 0.953724
vt 0.273784 0.949287
vt 0.271243 0.953437
vt 0.271493 0.954286
vt 0.270269 0.950017
vt 0.268541 0.954612
vt 0.268944 0.955389
vt 0.266959 0.951450
vt 0.266105 0.956306
vt 0.266651 0.956990
vt 0.263980 0.953529
vt 0.264022 0.958457
vt 0.264701 0.959028
vt 0.261447 0.956176
vt 0.262373 0.960990
vt 0.263168 0.961424
vt 0.259456 0.959289
vt 0.261222 0.963814
vt 0.262113 0.964086
vt 0.258085 0.962747
vt 0.950535 0.937760
vt 0.950535 0.935624
vt 0.954932 0.935546
vt 0.954932 0.937940
vt 0.906866 0.872805
vt 0.906892 0.874992
vt 0.902495 0.878894
vt 0.902466 0.876443
vt 0.393242 0.973428
vt 0.392059 0.970444
vt 0.391456 0.967275
vt 0.391456 0.964045
vt 0.392059 0.960877
vt 0.393242 0.957892
vt 0.394960 0.955206
vt 0.397146 0.952922
vt 0.399717 0.951127
vt 0.402574 0.949891
vt 0.405606 0.949261
vt 0.408698 0.949261
vt 0.411731 0.949891
vt 0.414587 0.951128
vt 0.417158 0.952922
vt 0.419344 0.955206
vt 0.421062 0.957892
vt 0.422246 0.960877
vt 0.422849 0.964045
vt 0.422849 0.967276
vt 0.422246 0.970444
vt 0.421063 0.973428
vt 0.419345 0.976114
vt 0.417159 0.978399
vt 0.414588 0.980193
vt 0.411731 0.981429
vt 0.408698 0.982060
vt 0.405607 0.982060
vt 0.402574 0.981429
vt 0.399717 0.980193
vt 0.397146 0.978398
vt 0.394960 0.976114
vt 0.906847 0.870295
vt 0.902444 0.873629
vt 0.906835 0.867556
vt 0.902431 0.870559
vt 0.906831 0.864695
vt 0.902426 0.867352
vt 0.906835 0.861822
vt 0.902431 0.864131
vt 0.906847 0.859047
vt 0.902444 0.861020
vt 0.906866 0.856476
vt 0.902466 0.858138
vt 0.906892 0.854208
vt 0.902495 0.855596
vt 0.930853 0.826853
vt 0.930948 0.824628
vt 0.935412 0.824639
vt 0.935305 0.827134
vt 0.930782 0.829394
vt 0.935225 0.829982
vt 0.930738 0.832151
vt 0.935176 0.833072
vt 0.930723 0.835018
vt 0.935159 0.836287
vt 0.930738 0.837886
vt 0.935176 0.839502
vt 0.930782 0.840645
vt 0.935225 0.842594
vt 0.930853 0.843187
vt 0.935305 0.845445
vt 0.930948 0.845416
vt 0.935412 0.847943
vt 0.935344 0.753535
vt 0.935427 0.755799
vt 0.930913 0.754340
vt 0.930820 0.751803
vt 0.935287 0.750968
vt 0.930756 0.748924
vt 0.935258 0.748194
vt 0.930723 0.745815
vt 0.935258 0.745321
vt 0.930723 0.742594
vt 0.935287 0.742459
vt 0.930756 0.739386
vt 0.935344 0.739719
vt 0.930820 0.736314
vt 0.935427 0.737205
vt 0.930913 0.733496
vt 0.804329 0.990178
vt 0.805129 0.992936
vt 0.800775 0.993200
vt 0.799877 0.990109
vt 0.804058 0.987310
vt 0.799574 0.986894
vt 0.804329 0.984442
vt 0.799877 0.983679
vt 0.805129 0.981685
vt 0.800775 0.980588
vt 0.950535 0.927588
vt 0.950535 0.924709
vt 0.954932 0.923311
vt 0.954932 0.926537
vt 0.950535 0.930438
vt 0.954932 0.929733
vt 0.950535 0.933152
vt 0.954932 0.932774
vt 0.170652 0.950018
vt 0.173963 0.951450
vt 0.172412 0.954345
vt 0.169681 0.953167
vt 0.956259 0.675738
vt 0.954248 0.675740
vt 0.954266 0.672023
vt 0.956277 0.672021
vt 0.956277 0.679470
vt 0.954267 0.679472
vt 0.176942 0.953530
vt 0.174865 0.956065
vt 0.171944 0.955275
vt 0.169396 0.954172
vt 0.174238 0.956876
vt 0.176941 0.958257
vt 0.176188 0.958914
vt 0.179475 0.956177
vt 0.178561 0.960830
vt 0.177721 0.961310
vt 0.181466 0.959289
vt 0.956425 0.686408
vt 0.954414 0.686410
vt 0.954323 0.683075
vt 0.956334 0.683073
vt 0.032501 0.980405
vt 0.029967 0.983052
vt 0.028613 0.981327
vt 0.030850 0.978989
vt 0.034492 0.977292
vt 0.032608 0.976240
vt 0.035863 0.973834
vt 0.033819 0.973186
vt 0.956547 0.689347
vt 0.954536 0.689350
vt 0.036562 0.970162
vt 0.034437 0.969944
vt 0.935630 0.757629
vt 0.937641 0.757629
vt 0.937766 0.760525
vt 0.935755 0.760525
vt 0.036562 0.966419
vt 0.034437 0.966638
vt 0.935538 0.754326
vt 0.937549 0.754326
vt 0.035863 0.962747
vt 0.033819 0.963395
vt 0.935481 0.750743
vt 0.937492 0.750743
vt 0.034492 0.959289
vt 0.032608 0.960341
vt 0.935462 0.747017
vt 0.937473 0.747017
vt 0.032501 0.956177
vt 0.030850 0.957592
vt 0.935481 0.743292
vt 0.937492 0.743292
vt 0.029967 0.953530
vt 0.028613 0.955254
vt 0.935538 0.739711
vt 0.937549 0.739711
vt 0.026988 0.951450
vt 0.025981 0.953418
vt 0.935630 0.736411
vt 0.937641 0.736411
vt 0.023678 0.950017
vt 0.023058 0.952152
vt 0.935755 0.733520
vt 0.937766 0.733520
vt 0.020163 0.949287
vt 0.019954 0.951507
vt 0.874292 0.952219
vt 0.872278 0.952218
vt 0.872312 0.949273
vt 0.874325 0.949274
vt 0.016580 0.949287
vt 0.016790 0.951507
vt 0.874267 0.955559
vt 0.872253 0.955558
vt 0.013066 0.950017
vt 0.013686 0.952152
vt 0.874251 0.959164
vt 0.872237 0.959164
vt 0.009756 0.951450
vt 0.010762 0.953418
vt 0.874246 0.962897
vt 0.872232 0.962896
vt 0.006776 0.953530
vt 0.008131 0.955254
vt 0.874251 0.966613
vt 0.872237 0.966612
vt 0.004243 0.956176
vt 0.005894 0.957592
vt 0.874266 0.970170
vt 0.872253 0.970170
vt 0.002252 0.959289
vt 0.004136 0.960341
vt 0.874292 0.973432
vt 0.872278 0.973431
vt 0.000881 0.962748
vt 0.002925 0.963395
vt 0.874325 0.976272
vt 0.872312 0.976271
vt 0.000182 0.966419
vt 0.002307 0.966638
vt 0.600052 0.975640
vt 0.598038 0.975640
vt 0.598038 0.972866
vt 0.600052 0.972866
vt 0.000182 0.970162
vt 0.002307 0.969944
vt 0.600052 0.978851
vt 0.598038 0.978851
vt 0.000881 0.973834
vt 0.002925 0.973186
vt 0.600052 0.982376
vt 0.598038 0.982376
vt 0.002252 0.977292
vt 0.004136 0.976240
vt 0.600052 0.986079
vt 0.598038 0.986079
vt 0.004243 0.980405
vt 0.005894 0.978989
vt 0.600052 0.989818
vt 0.598038 0.989818
vt 0.006776 0.983052
vt 0.008131 0.981327
vt 0.600052 0.993449
vt 0.598038 0.993449
vt 0.009756 0.985131
vt 0.010762 0.983164
vt 0.600052 0.996833
vt 0.598038 0.996833
vt 0.013066 0.986564
vt 0.013686 0.984429
vt 0.600052 0.999839
vt 0.598038 0.999839
vt 0.016580 0.987294
vt 0.016790 0.985074
vt 0.956425 0.665194
vt 0.954414 0.665196
vt 0.954536 0.662350
vt 0.956547 0.662348
vt 0.020163 0.987294
vt 0.019954 0.985074
vt 0.956334 0.668460
vt 0.954323 0.668463
vt 0.023678 0.986564
vt 0.023058 0.984429
vt 0.026988 0.985131
vt 0.025981 0.983164
vt 0.649819 0.977398
vt 0.641865 0.977407
vt 0.641882 0.974124
vt 0.649836 0.974115
vt 0.641932 0.970980
vt 0.649885 0.970971
vt 0.649836 0.980694
vt 0.641882 0.980703
vt 0.649885 0.983876
vt 0.641932 0.983885
vt 0.352863 0.979084
vt 0.350232 0.980921
vt 0.347309 0.982186
vt 0.344205 0.982831
vt 0.341041 0.982831
vt 0.337937 0.982186
vt 0.335013 0.980921
vt 0.332382 0.979084
vt 0.330145 0.976747
vt 0.328386 0.973998
vt 0.327175 0.970943
vt 0.326558 0.967701
vt 0.326558 0.964395
vt 0.327175 0.961153
vt 0.328386 0.958098
vt 0.330144 0.955349
vt 0.332382 0.953012
vt 0.335013 0.951175
vt 0.337937 0.949910
vt 0.341040 0.949265
vt 0.344205 0.949265
vt 0.347308 0.949910
vt 0.350232 0.951175
vt 0.352863 0.953012
vt 0.355101 0.955349
vt 0.356859 0.958098
vt 0.358070 0.961152
vt 0.358687 0.964395
vt 0.358687 0.967701
vt 0.358070 0.970943
vt 0.356859 0.973998
vt 0.355101 0.976746
vt 0.649966 0.986821
vt 0.642012 0.986830
vt 0.650074 0.989418
vt 0.642120 0.989426
vt 0.863239 0.899522
vt 0.871192 0.899522
vt 0.871302 0.902079
vt 0.863348 0.902079
vt 0.863157 0.896605
vt 0.871110 0.896605
vt 0.863107 0.893440
vt 0.871060 0.893440
vt 0.863090 0.890150
vt 0.871043 0.890150
vt 0.863107 0.886860
vt 0.871060 0.886860
vt 0.863157 0.883698
vt 0.871110 0.883697
vt 0.863239 0.880783
vt 0.871192 0.880783
vt 0.863348 0.878230
vt 0.871302 0.878229
vt 0.731396 0.968176
vt 0.723431 0.968174
vt 0.723461 0.965572
vt 0.731426 0.965575
vt 0.731374 0.971126
vt 0.723409 0.971123
vt 0.731360 0.974310
vt 0.723396 0.974307
vt 0.731355 0.977607
vt 0.723391 0.977604
vt 0.731360 0.980889
vt 0.723396 0.980886
vt 0.731374 0.984030
vt 0.723409 0.984028
vt 0.731396 0.986911
vt 0.723431 0.986908
vt 0.731426 0.989419
vt 0.723461 0.989416
vt 0.785633 0.968022
vt 0.777667 0.968022
vt 0.777667 0.965572
vt 0.785633 0.965572
vt 0.785633 0.970858
vt 0.777667 0.970858
vt 0.785633 0.973971
vt 0.777667 0.973971
vt 0.785633 0.977242
vt 0.777667 0.977242
vt 0.785633 0.980544
vt 0.777667 0.980544
vt 0.785633 0.983750
vt 0.777667 0.983750
vt 0.785633 0.986739
vt 0.777667 0.986739
vt 0.785633 0.989393
vt 0.777667 0.989393
vt 0.649966 0.968086
vt 0.642012 0.968095
vt 0.642120 0.965581
vt 0.650074 0.965572
vt 0.167138 0.949287
vt 0.166783 0.952577
vt 0.163555 0.949287
vt 0.163832 0.952596
vt 0.166691 0.953610
vt 0.163932 0.953610
vt 0.160948 0.953221
vt 0.161227 0.954172
vt 0.160041 0.950017
vt 0.158241 0.954422
vt 0.158679 0.955275
vt 0.156731 0.951450
vt 0.155813 0.956145
vt 0.156385 0.956876
vt 0.153751 0.953529
vt 0.153750 0.958322
vt 0.154435 0.958913
vt 0.151218 0.956176
vt 0.152127 0.960870
vt 0.152903 0.961309
vt 0.149227 0.959288
vt 0.151002 0.963696
vt 0.151847 0.963971
vt 0.147856 0.962746
vt 0.150415 0.966697
vt 0.151309 0.966797
vt 0.147157 0.966418
vt 0.150393 0.969764
vt 0.151309 0.969679
vt 0.147157 0.970161
vt 0.150942 0.972782
vt 0.151847 0.972505
vt 0.147856 0.973832
vt 0.152047 0.975635
vt 0.152903 0.975168
vt 0.149227 0.977291
vt 0.153670 0.978208
vt 0.154435 0.977564
vt 0.151218 0.980403
vt 0.155750 0.980397
vt 0.156385 0.979601
vt 0.153751 0.983050
vt 0.158204 0.982114
vt 0.158679 0.981202
vt 0.156731 0.985130
vt 0.160935 0.983289
vt 0.161227 0.982305
vt 0.160041 0.986562
vt 0.163832 0.983875
vt 0.163933 0.982867
vt 0.163555 0.987293
vt 0.166779 0.983852
vt 0.166691 0.982868
vt 0.167138 0.987293
vt 0.169660 0.983225
vt 0.169396 0.982305
vt 0.170652 0.986563
vt 0.172363 0.982024
vt 0.171944 0.981203
vt 0.173963 0.985130
vt 0.174788 0.980301
vt 0.174238 0.979602
vt 0.176942 0.983051
vt 0.176847 0.978125
vt 0.176188 0.977564
vt 0.179476 0.980404
vt 0.178469 0.975580
vt 0.177721 0.975168
vt 0.181466 0.977292
vt 0.179594 0.972758
vt 0.178776 0.972506
vt 0.182837 0.973834
vt 0.180182 0.969761
vt 0.179314 0.969680
vt 0.183536 0.970162
vt 0.180207 0.966697
vt 0.179314 0.966798
vt 0.183536 0.966419
vt 0.179662 0.963682
vt 0.178776 0.963972
vt 0.182837 0.962748
vt 0.799679 0.963619
vt 0.799679 0.961483
vt 0.804077 0.961405
vt 0.804077 0.963799
vt 0.906866 0.897738
vt 0.906892 0.899925
vt 0.902495 0.903827
vt 0.902466 0.901376
vt 0.486264 0.967275
vt 0.485660 0.970443
vt 0.484477 0.973428
vt 0.482759 0.976114
vt 0.480573 0.978398
vt 0.478002 0.980193
vt 0.475145 0.981429
vt 0.472113 0.982059
vt 0.469021 0.982059
vt 0.465988 0.981429
vt 0.463132 0.980193
vt 0.460561 0.978398
vt 0.458374 0.976114
vt 0.456656 0.973428
vt 0.455473 0.970444
vt 0.454870 0.967276
vt 0.454870 0.964045
vt 0.455474 0.960877
vt 0.456657 0.957892
vt 0.458375 0.955206
vt 0.460561 0.952922
vt 0.463132 0.951127
vt 0.465989 0.949891
vt 0.469021 0.949261
vt 0.472113 0.949261
vt 0.475146 0.949891
vt 0.478002 0.951127
vt 0.480573 0.952922
vt 0.482759 0.955206
vt 0.484477 0.957892
vt 0.485660 0.960877
vt 0.486264 0.964045
vt 0.906847 0.895228
vt 0.902444 0.898562
vt 0.906835 0.892489
vt 0.902431 0.895492
vt 0.906831 0.889629
vt 0.902426 0.892285
vt 0.906835 0.886755
vt 0.902431 0.889064
vt 0.906847 0.883980
vt 0.902444 0.885953
vt 0.906866 0.881409
vt 0.902466 0.883071
vt 0.906892 0.879141
vt 0.902495 0.880529
vt 0.930853 0.694866
vt 0.930949 0.692640
vt 0.935412 0.692651
vt 0.935305 0.695147
vt 0.930782 0.697406
vt 0.935225 0.697994
vt 0.930738 0.700163
vt 0.935176 0.701085
vt 0.930723 0.703030
vt 0.935160 0.704299
vt 0.930738 0.705898
vt 0.935176 0.707514
vt 0.930782 0.708657
vt 0.935225 0.710607
vt 0.930853 0.711199
vt 0.935305 0.713457
vt 0.930949 0.713429
vt 0.935412 0.715956
vt 0.935344 0.798587
vt 0.935427 0.800850
vt 0.930913 0.799391
vt 0.930820 0.796854
vt 0.935287 0.796019
vt 0.930756 0.793975
vt 0.935258 0.793245
vt 0.930723 0.790866
vt 0.935258 0.790372
vt 0.930723 0.787646
vt 0.935287 0.787511
vt 0.930756 0.784438
vt 0.935344 0.784770
vt 0.930820 0.781366
vt 0.935427 0.782256
vt 0.930913 0.778548
vt 0.907186 0.985995
vt 0.907987 0.988753
vt 0.903633 0.989018
vt 0.902735 0.985926
vt 0.906916 0.983128
vt 0.902432 0.982711
vt 0.907186 0.980260
vt 0.902735 0.979497
vt 0.907987 0.977502
vt 0.903633 0.976405
vt 0.799679 0.953447
vt 0.799679 0.950569
vt 0.804077 0.949170
vt 0.804077 0.952397
vt 0.799679 0.956298
vt 0.804077 0.955592
vt 0.799679 0.959011
vt 0.804077 0.958634
vt 0.224705 0.980404
vt 0.222714 0.977292
vt 0.225543 0.975784
vt 0.227187 0.978349
vt 0.956259 0.621194
vt 0.954248 0.621196
vt 0.954266 0.617479
vt 0.956277 0.617476
vt 0.956277 0.624926
vt 0.954266 0.624928
vt 0.221343 0.973833
vt 0.224418 0.972931
vt 0.226426 0.975282
vt 0.227959 0.977679
vt 0.225371 0.972620
vt 0.223857 0.969903
vt 0.224832 0.969794
vt 0.220644 0.970162
vt 0.223879 0.966824
vt 0.224832 0.966912
vt 0.220644 0.966418
vt 0.956425 0.631864
vt 0.954414 0.631866
vt 0.954323 0.628531
vt 0.956334 0.628528
vt 0.107979 0.977292
vt 0.105989 0.980404
vt 0.104338 0.978989
vt 0.106096 0.976240
vt 0.109350 0.973833
vt 0.107307 0.973186
vt 0.110049 0.970162
vt 0.107924 0.969943
vt 0.956547 0.634803
vt 0.954536 0.634805
vt 0.110049 0.966419
vt 0.107924 0.966637
vt 0.935616 0.716768
vt 0.937627 0.716767
vt 0.937751 0.719663
vt 0.935740 0.719663
vt 0.109350 0.962747
vt 0.107307 0.963395
vt 0.935523 0.713465
vt 0.937534 0.713465
vt 0.107979 0.959289
vt 0.106096 0.960341
vt 0.935466 0.709881
vt 0.937477 0.709881
vt 0.105988 0.956176
vt 0.104337 0.957592
vt 0.935447 0.706156
vt 0.937458 0.706156
vt 0.103455 0.953529
vt 0.102100 0.955254
vt 0.935466 0.702431
vt 0.937477 0.702431
vt 0.100475 0.951450
vt 0.099469 0.953417
vt 0.935523 0.698850
vt 0.937534 0.698850
vt 0.097165 0.950017
vt 0.096545 0.952152
vt 0.935616 0.695550
vt 0.937627 0.695550
vt 0.093651 0.949287
vt 0.093441 0.951507
vt 0.935740 0.692658
vt 0.937751 0.692658
vt 0.090068 0.949287
vt 0.090277 0.951507
vt 0.957024 0.911543
vt 0.955010 0.911543
vt 0.955044 0.908597
vt 0.957058 0.908598
vt 0.086553 0.950017
vt 0.087173 0.952152
vt 0.956999 0.914883
vt 0.954985 0.914882
vt 0.083243 0.951450
vt 0.084250 0.953418
vt 0.956984 0.918489
vt 0.954970 0.918488
vt 0.080264 0.953530
vt 0.081619 0.955254
vt 0.956978 0.922221
vt 0.954965 0.922220
vt 0.077730 0.956177
vt 0.079381 0.957592
vt 0.956984 0.925937
vt 0.954970 0.925937
vt 0.075739 0.959289
vt 0.077623 0.960341
vt 0.956999 0.929495
vt 0.954985 0.929494
vt 0.074368 0.962748
vt 0.076412 0.963395
vt 0.957024 0.932756
vt 0.955010 0.932755
vt 0.073669 0.966419
vt 0.075795 0.966638
vt 0.957058 0.935596
vt 0.955044 0.935595
vt 0.073669 0.970162
vt 0.075795 0.969944
vt 0.958583 0.610578
vt 0.956569 0.610578
vt 0.956569 0.607803
vt 0.958583 0.607803
vt 0.074368 0.973834
vt 0.076412 0.973186
vt 0.958583 0.613789
vt 0.956569 0.613789
vt 0.075740 0.977292
vt 0.077623 0.976240
vt 0.958583 0.617314
vt 0.956569 0.617314
vt 0.077730 0.980405
vt 0.079381 0.978989
vt 0.958583 0.621017
vt 0.956569 0.621017
vt 0.080264 0.983052
vt 0.081619 0.981327
vt 0.958583 0.624756
vt 0.956569 0.624756
vt 0.083243 0.985131
vt 0.084250 0.983164
vt 0.958583 0.628386
vt 0.956569 0.628386
vt 0.086554 0.986564
vt 0.087174 0.984429
vt 0.958583 0.631770
vt 0.956569 0.631770
vt 0.090068 0.987294
vt 0.090277 0.985074
vt 0.958583 0.634776
vt 0.956569 0.634776
vt 0.093651 0.987294
vt 0.093442 0.985074
vt 0.956425 0.610650
vt 0.954414 0.610652
vt 0.954536 0.607806
vt 0.956547 0.607804
vt 0.097165 0.986564
vt 0.096545 0.984429
vt 0.956334 0.613916
vt 0.954323 0.613918
vt 0.100476 0.985131
vt 0.099469 0.983163
vt 0.103455 0.983051
vt 0.102100 0.981327
vt 0.227238 0.983051
vt 0.229283 0.980522
vt 0.230217 0.985131
vt 0.231746 0.982218
vt 0.229909 0.979716
vt 0.232202 0.981317
vt 0.234477 0.983373
vt 0.234751 0.982420
vt 0.233528 0.986563
vt 0.237366 0.983946
vt 0.237456 0.982982
vt 0.237042 0.987294
vt 0.240302 0.983922
vt 0.240214 0.982982
vt 0.240625 0.987294
vt 0.243174 0.983308
vt 0.242919 0.982420
vt 0.244139 0.986564
vt 0.245879 0.982132
vt 0.245468 0.981317
vt 0.247449 0.985131
vt 0.248318 0.980436
vt 0.247761 0.979716
vt 0.250428 0.983051
vt 0.250401 0.978281
vt 0.249711 0.977679
vt 0.252962 0.980404
vt 0.252051 0.975744
vt 0.251244 0.975283
vt 0.254952 0.977292
vt 0.253199 0.972915
vt 0.252299 0.972620
vt 0.256323 0.973834
vt 0.253797 0.969902
vt 0.252837 0.969794
vt 0.257022 0.970162
vt 0.253816 0.966821
vt 0.252837 0.966912
vt 0.257022 0.966419
vt 0.253251 0.963793
vt 0.252299 0.964086
vt 0.256323 0.962748
vt 0.252123 0.960942
vt 0.251243 0.961424
vt 0.254952 0.959289
vt 0.250477 0.958380
vt 0.249711 0.959028
vt 0.252961 0.956177
vt 0.248380 0.956211
vt 0.247761 0.956990
vt 0.250428 0.953530
vt 0.245918 0.954519
vt 0.245467 0.955389
vt 0.247448 0.951450
vt 0.243189 0.953368
vt 0.242919 0.954286
vt 0.244138 0.950017
vt 0.240302 0.952799
vt 0.240214 0.953724
vt 0.240624 0.949287
vt 0.237370 0.952824
vt 0.237455 0.953724
vt 0.237041 0.949287
vt 0.234501 0.953437
vt 0.234750 0.954286
vt 0.233527 0.950017
vt 0.231799 0.954612
vt 0.232202 0.955389
vt 0.230217 0.951450
vt 0.229362 0.956306
vt 0.229909 0.956990
vt 0.227238 0.953529
vt 0.227280 0.958457
vt 0.227958 0.959028
vt 0.224704 0.956176
vt 0.225630 0.960990
vt 0.226426 0.961424
vt 0.222714 0.959289
vt 0.224480 0.963814
vt 0.225370 0.964086
vt 0.221343 0.962747
vt 0.950535 0.922984
vt 0.950535 0.920849
vt 0.954932 0.920770
vt 0.954932 0.923164
vt 0.906866 0.922671
vt 0.906892 0.924858
vt 0.902495 0.928760
vt 0.902466 0.926309
vt 0.424949 0.973428
vt 0.423766 0.970444
vt 0.423163 0.967275
vt 0.423163 0.964045
vt 0.423766 0.960877
vt 0.424949 0.957892
vt 0.426667 0.955206
vt 0.428853 0.952922
vt 0.431424 0.951127
vt 0.434281 0.949891
vt 0.437313 0.949261
vt 0.440405 0.949261
vt 0.443438 0.949891
vt 0.446295 0.951128
vt 0.448865 0.952922
vt 0.451052 0.955206
vt 0.452770 0.957892
vt 0.453953 0.960877
vt 0.454556 0.964045
vt 0.454556 0.967276
vt 0.453953 0.970444
vt 0.452770 0.973428
vt 0.451052 0.976114
vt 0.448866 0.978399
vt 0.446295 0.980193
vt 0.443438 0.981429
vt 0.440406 0.982060
vt 0.437314 0.982060
vt 0.434281 0.981429
vt 0.431425 0.980193
vt 0.428854 0.978398
vt 0.426667 0.976114
vt 0.906847 0.920161
vt 0.902444 0.923495
vt 0.906835 0.917422
vt 0.902431 0.920425
vt 0.906831 0.914561
vt 0.902426 0.917218
vt 0.906835 0.911688
vt 0.902431 0.913997
vt 0.906847 0.908913
vt 0.902444 0.910886
vt 0.906866 0.906342
vt 0.902466 0.908004
vt 0.906892 0.904074
vt 0.902495 0.905462
vt 0.930853 0.803304
vt 0.930948 0.801078
vt 0.935412 0.801090
vt 0.935305 0.803585
vt 0.930782 0.805844
vt 0.935225 0.806433
vt 0.930738 0.808601
vt 0.935176 0.809523
vt 0.930723 0.811469
vt 0.935159 0.812738
vt 0.930738 0.814337
vt 0.935176 0.815953
vt 0.930782 0.817095
vt 0.935225 0.819045
vt 0.930853 0.819638
vt 0.935305 0.821895
vt 0.930948 0.821867
vt 0.935412 0.824394
vt 0.935344 0.776061
vt 0.935427 0.778324
vt 0.930913 0.776866
vt 0.930820 0.774328
vt 0.935287 0.773493
vt 0.930756 0.771450
vt 0.935258 0.770720
vt 0.930723 0.768340
vt 0.935258 0.767847
vt 0.930723 0.765120
vt 0.935287 0.764985
vt 0.930756 0.761912
vt 0.935344 0.762245
vt 0.930820 0.758840
vt 0.935427 0.759731
vt 0.930913 0.756022
vt 0.485592 0.991877
vt 0.486393 0.994634
vt 0.482038 0.994899
vt 0.481141 0.991808
vt 0.485322 0.989009
vt 0.480838 0.988593
vt 0.485592 0.986141
vt 0.481141 0.985378
vt 0.486393 0.983383
vt 0.482038 0.982286
vt 0.950535 0.912812
vt 0.950535 0.909934
vt 0.954932 0.908535
vt 0.954932 0.911762
vt 0.950535 0.915663
vt 0.954932 0.914957
vt 0.950535 0.918377
vt 0.954932 0.917999
vt 0.207396 0.950018
vt 0.210706 0.951450
vt 0.209155 0.954345
vt 0.206425 0.953167
vt 0.956259 0.648466
vt 0.954248 0.648468
vt 0.954266 0.644751
vt 0.956277 0.644749
vt 0.956277 0.652198
vt 0.954267 0.652200
vt 0.213685 0.953530
vt 0.211608 0.956065
vt 0.208688 0.955275
vt 0.206139 0.954172
vt 0.210981 0.956876
vt 0.213685 0.958257
vt 0.212932 0.958914
vt 0.216219 0.956177
vt 0.215304 0.960830
vt 0.214464 0.961310
vt 0.218210 0.959289
vt 0.956425 0.659136
vt 0.954414 0.659138
vt 0.954323 0.655803
vt 0.956334 0.655801
vt 0.069245 0.980405
vt 0.066711 0.983052
vt 0.065356 0.981327
vt 0.067594 0.978989
vt 0.071235 0.977292
vt 0.069352 0.976240
vt 0.072607 0.973834
vt 0.070563 0.973186
vt 0.956547 0.662075
vt 0.954536 0.662078
vt 0.073306 0.970162
vt 0.071180 0.969944
vt 0.935630 0.784904
vt 0.937641 0.784904
vt 0.937766 0.787800
vt 0.935755 0.787800
vt 0.073306 0.966419
vt 0.071180 0.966638
vt 0.935538 0.781601
vt 0.937549 0.781601
vt 0.072607 0.962747
vt 0.070563 0.963395
vt 0.935481 0.778018
vt 0.937492 0.778018
vt 0.071235 0.959289
vt 0.069352 0.960341
vt 0.935462 0.774292
vt 0.937473 0.774292
vt 0.069245 0.956177
vt 0.067594 0.957592
vt 0.935481 0.770568
vt 0.937492 0.770567
vt 0.066711 0.953530
vt 0.065356 0.955254
vt 0.935538 0.766986
vt 0.937549 0.766986
vt 0.063732 0.951450
vt 0.062725 0.953418
vt 0.935630 0.763687
vt 0.937641 0.763686
vt 0.060421 0.950017
vt 0.059801 0.952152
vt 0.935755 0.760795
vt 0.937766 0.760795
vt 0.056907 0.949287
vt 0.056698 0.951507
vt 0.956807 0.973753
vt 0.954794 0.973752
vt 0.954827 0.970806
vt 0.956841 0.970807
vt 0.053324 0.949287
vt 0.053533 0.951507
vt 0.956782 0.977092
vt 0.954768 0.977092
vt 0.049810 0.950017
vt 0.050430 0.952152
vt 0.956767 0.980698
vt 0.954753 0.980697
vt 0.046499 0.951450
vt 0.047506 0.953418
vt 0.956761 0.984430
vt 0.954748 0.984430
vt 0.043520 0.953530
vt 0.044875 0.955254
vt 0.956767 0.988147
vt 0.954753 0.988146
vt 0.040987 0.956176
vt 0.042637 0.957592
vt 0.956782 0.991704
vt 0.954768 0.991703
vt 0.038996 0.959289
vt 0.040879 0.960341
vt 0.956807 0.994965
vt 0.954794 0.994964
vt 0.037625 0.962748
vt 0.039668 0.963395
vt 0.956841 0.997805
vt 0.954827 0.997805
vt 0.036926 0.966419
vt 0.039051 0.966638
vt 0.957585 0.940922
vt 0.955571 0.940922
vt 0.955571 0.938148
vt 0.957585 0.938148
vt 0.036926 0.970162
vt 0.039051 0.969944
vt 0.957585 0.944133
vt 0.955571 0.944133
vt 0.037625 0.973834
vt 0.039668 0.973186
vt 0.957585 0.947658
vt 0.955571 0.947658
vt 0.038996 0.977292
vt 0.040879 0.976240
vt 0.957585 0.951361
vt 0.955571 0.951361
vt 0.040986 0.980405
vt 0.042637 0.978989
vt 0.957585 0.955100
vt 0.955571 0.955100
vt 0.043520 0.983052
vt 0.044875 0.981327
vt 0.957585 0.958731
vt 0.955571 0.958731
vt 0.046499 0.985131
vt 0.047506 0.983164
vt 0.957585 0.962114
vt 0.955571 0.962114
vt 0.049810 0.986564
vt 0.050430 0.984429
vt 0.957585 0.965120
vt 0.955571 0.965120
vt 0.053324 0.987294
vt 0.053533 0.985074
vt 0.956425 0.637922
vt 0.954414 0.637924
vt 0.954536 0.635078
vt 0.956547 0.635076
vt 0.056907 0.987294
vt 0.056698 0.985074
vt 0.956334 0.641188
vt 0.954323 0.641191
vt 0.060421 0.986564
vt 0.059802 0.984429
vt 0.063732 0.985131
vt 0.062725 0.983164
vt 0.758286 0.977398
vt 0.750333 0.977407
vt 0.750349 0.974123
vt 0.758303 0.974115
vt 0.750399 0.970979
vt 0.758353 0.970970
vt 0.758303 0.980693
vt 0.750349 0.980702
vt 0.758353 0.983875
vt 0.750399 0.983884
vt 0.385314 0.979084
vt 0.382683 0.980921
vt 0.379759 0.982186
vt 0.376656 0.982831
vt 0.373491 0.982831
vt 0.370388 0.982186
vt 0.367464 0.980921
vt 0.364833 0.979084
vt 0.362595 0.976747
vt 0.360837 0.973998
vt 0.359626 0.970943
vt 0.359009 0.967701
vt 0.359009 0.964395
vt 0.359626 0.961153
vt 0.360837 0.958098
vt 0.362595 0.955349
vt 0.364833 0.953012
vt 0.367464 0.951175
vt 0.370387 0.949910
vt 0.373491 0.949265
vt 0.376656 0.949265
vt 0.379759 0.949910
vt 0.382683 0.951175
vt 0.385314 0.953012
vt 0.387552 0.955349
vt 0.389310 0.958098
vt 0.390521 0.961152
vt 0.391138 0.964395
vt 0.391138 0.967701
vt 0.390521 0.970943
vt 0.389310 0.973998
vt 0.387552 0.976746
vt 0.758433 0.986821
vt 0.750479 0.986830
vt 0.758541 0.989417
vt 0.750588 0.989426
vt 0.863239 0.875433
vt 0.871192 0.875433
vt 0.871302 0.877990
vt 0.863348 0.877991
vt 0.863157 0.872516
vt 0.871110 0.872516
vt 0.863107 0.869352
vt 0.871060 0.869351
vt 0.863090 0.866061
vt 0.871043 0.866061
vt 0.863107 0.862772
vt 0.871060 0.862771
vt 0.863157 0.859609
vt 0.871110 0.859608
vt 0.863239 0.856695
vt 0.871192 0.856694
vt 0.863348 0.854141
vt 0.871302 0.854140
vt 0.703444 0.968176
vt 0.695480 0.968174
vt 0.695510 0.965572
vt 0.703474 0.965575
vt 0.703422 0.971126
vt 0.695458 0.971123
vt 0.703408 0.974310
vt 0.695444 0.974307
vt 0.703404 0.977606
vt 0.695439 0.977604
vt 0.703408 0.980889
vt 0.695444 0.980886
vt 0.703422 0.984030
vt 0.695458 0.984027
vt 0.703444 0.986911
vt 0.695480 0.986908
vt 0.703474 0.989419
vt 0.695510 0.989416
vt 0.950473 0.911031
vt 0.942508 0.911031
vt 0.942508 0.908581
vt 0.950473 0.908581
vt 0.950473 0.913867
vt 0.942508 0.913867
vt 0.950473 0.916980
vt 0.942508 0.916980
vt 0.950473 0.920251
vt 0.942508 0.920251
vt 0.950473 0.923553
vt 0.942508 0.923553
vt 0.950473 0.926759
vt 0.942508 0.926759
vt 0.950473 0.929748
vt 0.942508 0.929748
vt 0.950473 0.932403
vt 0.942508 0.932403
vt 0.758433 0.968086
vt 0.750479 0.968095
vt 0.750588 0.965581
vt 0.758541 0.965572
vt 0.203881 0.949287
vt 0.203526 0.952577
vt 0.200298 0.949287
vt 0.200576 0.952596
vt 0.203434 0.953610
vt 0.200676 0.953610
vt 0.197691 0.953221
vt 0.197970 0.954172
vt 0.196784 0.950017
vt 0.194984 0.954422
vt 0.195422 0.955275
vt 0.193474 0.951450
vt 0.192556 0.956145
vt 0.193129 0.956876
vt 0.190495 0.953529
vt 0.190494 0.958322
vt 0.191178 0.958913
vt 0.187961 0.956176
vt 0.188871 0.960870
vt 0.189646 0.961309
vt 0.185970 0.959288
vt 0.187745 0.963696
vt 0.188590 0.963971
vt 0.184599 0.962746
vt 0.187159 0.966697
vt 0.188052 0.966797
vt 0.183900 0.966418
vt 0.187136 0.969764
vt 0.188052 0.969679
vt 0.183900 0.970161
vt 0.187685 0.972782
vt 0.188590 0.972505
vt 0.184599 0.973832
vt 0.188790 0.975635
vt 0.189646 0.975168
vt 0.185970 0.977291
vt 0.190414 0.978208
vt 0.191178 0.977564
vt 0.187961 0.980403
vt 0.192493 0.980397
vt 0.193129 0.979601
vt 0.190495 0.983050
vt 0.194948 0.982114
vt 0.195422 0.981202
vt 0.193474 0.985130
vt 0.197678 0.983289
vt 0.197971 0.982305
vt 0.196784 0.986562
vt 0.200575 0.983875
vt 0.200676 0.982867
vt 0.200298 0.987293
vt 0.203522 0.983852
vt 0.203434 0.982868
vt 0.203882 0.987293
vt 0.206403 0.983225
vt 0.206140 0.982305
vt 0.207396 0.986563
vt 0.209106 0.982024
vt 0.208688 0.981203
vt 0.210706 0.985130
vt 0.211531 0.980301
vt 0.210981 0.979602
vt 0.213685 0.983051
vt 0.213591 0.978125
vt 0.212932 0.977564
vt 0.216219 0.980404
vt 0.215212 0.975580
vt 0.214464 0.975168
vt 0.218210 0.977292
vt 0.216338 0.972758
vt 0.215520 0.972506
vt 0.219581 0.973834
vt 0.216925 0.969761
vt 0.216058 0.969680
vt 0.220280 0.970162
vt 0.216950 0.966697
vt 0.216058 0.966798
vt 0.220280 0.966419
vt 0.216405 0.963682
vt 0.215520 0.963972
vt 0.219581 0.962748
vt 0.950318 0.985193
vt 0.950318 0.983058
vt 0.954715 0.982979
vt 0.954715 0.985373
vt 0.906866 0.947604
vt 0.906892 0.949791
vt 0.902495 0.953693
vt 0.902466 0.951242
vt 0.517971 0.967275
vt 0.517368 0.970443
vt 0.516184 0.973428
vt 0.514466 0.976114
vt 0.512280 0.978398
vt 0.509709 0.980193
vt 0.506853 0.981429
vt 0.503820 0.982059
vt 0.500728 0.982059
vt 0.497695 0.981429
vt 0.494839 0.980193
vt 0.492268 0.978398
vt 0.490082 0.976114
vt 0.488364 0.973428
vt 0.487181 0.970444
vt 0.486578 0.967276
vt 0.486578 0.964045
vt 0.487181 0.960877
vt 0.488364 0.957892
vt 0.490082 0.955206
vt 0.492268 0.952922
vt 0.494839 0.951127
vt 0.497696 0.949891
vt 0.500728 0.949261
vt 0.503820 0.949261
vt 0.506853 0.949891
vt 0.509710 0.951127
vt 0.512280 0.952922
vt 0.514467 0.955206
vt 0.516185 0.957892
vt 0.517368 0.960877
vt 0.517971 0.964045
vt 0.906847 0.945094
vt 0.902444 0.948428
vt 0.906835 0.942355
vt 0.902431 0.945358
vt 0.906831 0.939494
vt 0.902426 0.942151
vt 0.906835 0.936621
vt 0.902431 0.938930
vt 0.906847 0.933846
vt 0.902444 0.935819
vt 0.906866 0.931275
vt 0.902466 0.932937
vt 0.906892 0.929007
vt 0.902495 0.930395
vt 0.867639 0.951480
vt 0.867735 0.949254
vt 0.872198 0.949266
vt 0.872091 0.951761
vt 0.867568 0.954021
vt 0.872011 0.954609
vt 0.867524 0.956778
vt 0.871962 0.957699
vt 0.867509 0.959645
vt 0.871946 0.960914
vt 0.867524 0.962513
vt 0.871962 0.964129
vt 0.867568 0.965272
vt 0.872011 0.967221
vt 0.867639 0.967814
vt 0.872091 0.970072
vt 0.867735 0.970043
vt 0.872198 0.972570
vt 0.907048 0.973967
vt 0.907131 0.976231
vt 0.902617 0.974772
vt 0.902524 0.972234
vt 0.906991 0.971400
vt 0.902460 0.969356
vt 0.906962 0.968626
vt 0.902428 0.966247
vt 0.906962 0.965753
vt 0.902428 0.963026
vt 0.906991 0.962891
vt 0.902460 0.959818
vt 0.907048 0.960151
vt 0.902524 0.956746
vt 0.907131 0.957637
vt 0.902617 0.953928
vt 0.935482 0.730299
vt 0.936283 0.733057
vt 0.931928 0.733322
vt 0.931031 0.730230
vt 0.935212 0.727432
vt 0.930727 0.727016
vt 0.935482 0.724564
vt 0.931031 0.723801
vt 0.936283 0.721806
vt 0.931928 0.720710
vt 0.950318 0.975022
vt 0.950318 0.972143
vt 0.954715 0.970744
vt 0.954715 0.973971
vt 0.950318 0.977872
vt 0.954715 0.977166
vt 0.950318 0.980586
vt 0.954715 0.980208
vt 0.851653 0.004699
vt 0.851653 0.317945
vt 0.840426 0.317946
vt 0.840426 0.004699
vt 0.863105 0.851903
vt 0.863105 0.429125
vt 0.874348 0.429128
vt 0.874348 0.851907
vt 0.815633 0.944399
vt 0.410853 0.944398
vt 0.471570 0.897413
vt 0.754916 0.897413
vt 0.815633 0.631166
vt 0.754916 0.678150
vt 0.974979 0.001480
vt 0.974979 0.297441
vt 0.970432 0.295904
vt 0.970432 0.004360
vt 0.999978 0.309867
vt 0.999978 0.528878
vt 0.995664 0.533658
vt 0.995664 0.317916
vt 0.472957 0.902096
vt 0.472957 0.686105
vt 0.752074 0.686106
vt 0.752074 0.902096
vt 0.471570 0.678150
vt 0.988428 0.005761
vt 0.988429 0.225034
vt 0.984045 0.217119
vt 0.984045 0.001120
vt 0.410852 0.631165
vt 0.840313 0.004693
vt 0.840313 0.317566
vt 0.829070 0.317566
vt 0.829069 0.004693
vt 0.410852 0.317932
vt 0.471569 0.364917
vt 0.471569 0.584180
vt 0.840313 0.630439
vt 0.829070 0.630439
vt 0.754916 0.584180
vt 0.991263 0.314509
vt 0.991263 0.533782
vt 0.986879 0.525867
vt 0.986879 0.309867
vt 0.973221 0.310227
vt 0.973221 0.606189
vt 0.968673 0.604652
vt 0.968673 0.313108
vt 0.472957 0.588862
vt 0.472957 0.372872
vt 0.752074 0.372873
vt 0.752074 0.588863
vt 0.988472 0.224910
vt 0.988472 0.005899
vt 0.992786 0.001119
vt 0.992786 0.216861
vt 0.754916 0.364917
vt 0.815633 0.317932
vt 0.851653 0.631192
vt 0.851653 0.944439
vt 0.840426 0.944439
vt 0.840426 0.631193
vt 0.815632 0.004699
vt 0.754916 0.270947
vt 0.754915 0.051684
vt 0.471569 0.270947
vt 0.874460 0.424928
vt 0.874460 0.002126
vt 0.885687 0.002114
vt 0.885687 0.424916
vt 0.840314 0.943313
vt 0.829070 0.943313
vt 0.410852 0.004699
vt 0.471569 0.051684
vt 0.752074 0.059640
vt 0.472957 0.059639
vt 0.984001 0.005761
vt 0.984001 0.225034
vt 0.979617 0.217119
vt 0.979617 0.001120
vt 0.472957 0.275629
vt 0.752074 0.275630
vt 0.982407 0.310227
vt 0.982407 0.606189
vt 0.977860 0.604652
vt 0.977860 0.313108
vt 0.989260 0.917433
vt 0.989260 0.698422
vt 0.993574 0.693642
vt 0.993574 0.909384
vt 0.862992 0.004699
vt 0.862993 0.317945
vt 0.851765 0.317946
vt 0.851765 0.004699
vt 0.863105 0.424893
vt 0.863105 0.002114
vt 0.874348 0.002118
vt 0.874348 0.424897
vt 0.406804 0.944399
vt 0.002024 0.944398
vt 0.062741 0.897413
vt 0.346087 0.897413
vt 0.406804 0.631166
vt 0.346087 0.678150
vt 0.977814 0.310227
vt 0.977814 0.606189
vt 0.973266 0.604652
vt 0.973266 0.313108
vt 0.997932 0.693642
vt 0.997932 0.912653
vt 0.993618 0.917433
vt 0.993618 0.701691
vt 0.064129 0.902096
vt 0.064129 0.686105
vt 0.343246 0.686106
vt 0.343246 0.902096
vt 0.062741 0.678150
vt 0.986836 0.314509
vt 0.986836 0.533782
vt 0.982452 0.525867
vt 0.982452 0.309867
vt 0.002024 0.631165
vt 0.828957 0.004693
vt 0.828957 0.317566
vt 0.817713 0.317566
vt 0.817713 0.004693
vt 0.002024 0.317932
vt 0.062741 0.364917
vt 0.062741 0.584180
vt 0.828957 0.630439
vt 0.817713 0.630439
vt 0.346087 0.584180
vt 0.989217 0.698285
vt 0.989217 0.917557
vt 0.984833 0.909643
vt 0.984833 0.693643
vt 0.942445 0.694003
vt 0.942445 0.989964
vt 0.937898 0.988427
vt 0.937898 0.696884
vt 0.064129 0.588862
vt 0.064129 0.372872
vt 0.343246 0.372873
vt 0.343246 0.588863
vt 0.992830 0.224910
vt 0.992829 0.005899
vt 0.997144 0.001119
vt 0.997144 0.216861
vt 0.346087 0.364917
vt 0.406804 0.317932
vt 0.862993 0.631192
vt 0.862993 0.944439
vt 0.851765 0.944439
vt 0.851765 0.631193
vt 0.406804 0.004699
vt 0.346087 0.270947
vt 0.346087 0.051684
vt 0.062741 0.270947
vt 0.874460 0.851971
vt 0.874460 0.429169
vt 0.885687 0.429156
vt 0.885687 0.851958
vt 0.828957 0.943313
vt 0.817713 0.943313
vt 0.002024 0.004699
vt 0.062741 0.051684
vt 0.343246 0.059640
vt 0.064129 0.059639
vt 0.984789 0.698285
vt 0.984789 0.917557
vt 0.980405 0.909642
vt 0.980405 0.693643
vt 0.064129 0.275629
vt 0.343246 0.275630
vt 0.979572 0.001480
vt 0.979572 0.297441
vt 0.975025 0.295904
vt 0.975025 0.004360
vt 0.991307 0.533658
vt 0.991307 0.314647
vt 0.995621 0.309867
vt 0.995621 0.525609
s 1
usemtl metallic_black
f 225/1/1 226/2/1 238/3/1 237/4/1 236/5/1 227/6/1
f 225/7/2 228/8/2 229/9/2 226/10/2
f 227/11/3 231/12/3 228/8/3 225/7/3
f 229/13/4 228/14/4 230/15/4 241/16/4
f 228/14/5 231/17/5 232/18/5 230/15/5
f 231/19/6 233/20/6 234/21/6 232/22/6
f 236/23/7 233/20/7 231/19/7 227/24/7
f 233/25/8 235/26/8 242/27/8 234/28/8
f 237/29/9 235/30/9 233/31/9 236/32/9
f 238/33/10 239/34/10 235/30/10 237/29/10
f 226/35/11 229/36/11 239/37/11 238/38/11
f 235/26/12 239/39/12 240/40/12 242/27/12
f 239/39/13 229/13/13 241/16/13 240/40/13
f 241/16/14 230/15/14 232/18/14 234/28/14 242/27/14 240/40/14
f 243/41/11 246/42/11 249/43/11 244/44/11
f 244/45/15 262/46/15 245/47/15 243/48/15
f 245/49/1 248/50/1 246/51/1 243/52/1
f 246/42/11 247/53/11 259/54/11 249/43/11
f 247/53/11 246/42/11 250/55/11 251/56/11
f 246/57/15 248/58/15 252/59/15 250/60/15
f 252/61/1 253/62/1 251/63/1 250/64/1
f 248/65/7 254/66/7 253/67/7 252/68/7
f 254/69/16 247/70/16 251/71/16 253/72/16
f 254/73/1 255/74/1 261/75/1 247/76/1
f 256/77/7 257/78/7 255/79/7 254/66/7
f 258/80/7 256/77/7 254/66/7 248/65/7
f 259/81/14 260/82/14 257/83/14 256/84/14
f 249/85/14 259/81/14 256/84/14 258/86/14
f 247/53/11 261/87/11 260/88/11 259/54/11
f 257/89/16 260/90/16 261/91/16 255/92/16
f 244/93/14 249/85/14 258/86/14 262/94/14
f 262/95/7 258/80/7 248/65/7 245/96/7
f 304/97/15 307/98/15 306/99/15 303/100/15
f 303/101/7 305/102/7 318/103/7 304/104/7
f 306/105/17 308/106/17 305/107/17 303/108/17
f 307/109/11 309/110/11 308/111/11 306/112/11
f 308/111/11 309/110/11 311/113/11 310/114/11
f 305/115/18 308/116/18 310/117/18 312/118/18
f 310/114/11 311/113/11 314/119/11 313/120/11
f 312/118/16 310/117/16 313/121/16 315/122/16
f 314/123/1 316/124/1 315/125/1 313/126/1
f 317/127/7 312/128/7 315/129/7 316/130/7
f 311/131/15 317/132/15 316/133/15 314/134/15
f 318/103/7 305/102/7 312/128/7 317/127/7
f 309/135/19 318/136/19 317/137/19 311/138/19
f 304/139/20 318/136/20 309/135/20 307/140/20
f 320/141/15 323/142/15 322/143/15 319/144/15
f 319/145/7 321/146/7 334/147/7 320/148/7
f 322/149/17 324/150/17 321/151/17 319/152/17
f 323/153/11 325/154/11 324/155/11 322/156/11
f 324/155/11 325/154/11 327/157/11 326/158/11
f 321/159/18 324/160/18 326/161/18 328/162/18
f 326/158/11 327/157/11 330/163/11 329/164/11
f 328/162/16 326/161/16 329/165/16 331/166/16
f 330/167/1 332/168/1 331/169/1 329/170/1
f 333/171/7 328/172/7 331/173/7 332/174/7
f 327/175/15 333/176/15 332/177/15 330/178/15
f 334/147/7 321/146/7 328/172/7 333/171/7
f 325/179/19 334/180/19 333/181/19 327/182/19
f 320/183/20 334/180/20 325/179/20 323/184/20
f 559/185/1 560/186/1 572/187/1 571/188/1 570/189/1 561/190/1
f 559/191/2 562/192/2 563/193/2 560/194/2
f 561/195/3 565/196/3 562/192/3 559/191/3
f 563/197/21 562/198/21 564/199/21 575/200/21
f 562/198/22 565/201/22 566/202/22 564/199/22
f 565/203/23 567/204/23 568/205/23 566/206/23
f 570/207/7 567/204/7 565/203/7 561/208/7
f 567/209/8 569/210/8 576/211/8 568/212/8
f 571/213/9 569/214/9 567/215/9 570/216/9
f 572/217/10 573/218/10 569/214/10 571/213/10
f 560/219/11 563/220/11 573/221/11 572/222/11
f 569/210/24 573/223/24 574/224/24 576/211/24
f 573/223/13 563/197/13 575/200/13 574/224/13
f 575/200/14 564/199/14 566/202/14 568/212/14 576/211/14 574/224/14
f 577/225/1 578/226/1 590/227/1 589/228/1 588/229/1 579/230/1
f 577/231/2 580/232/2 581/233/2 578/234/2
f 579/235/3 583/236/3 580/232/3 577/231/3
f 581/237/25 580/238/25 582/239/25 593/240/25
f 580/238/5 583/241/5 584/242/5 582/239/5
f 583/243/6 585/244/6 586/245/6 584/246/6
f 588/247/7 585/244/7 583/243/7 579/248/7
f 585/249/8 587/250/8 594/251/8 586/252/8
f 589/253/9 587/254/9 585/255/9 588/256/9
f 590/257/10 591/258/10 587/254/10 589/253/10
f 578/259/11 581/260/11 591/261/11 590/262/11
f 587/250/12 591/263/12 592/264/12 594/251/12
f 591/263/26 581/237/26 593/240/26 592/264/26
f 593/240/14 582/239/14 584/242/14 586/252/14 594/251/14 592/264/14
f 595/265/1 596/266/1 608/267/1 607/268/1 606/269/1 597/270/1
f 595/271/2 598/272/2 599/273/2 596/274/2
f 597/275/3 601/276/3 598/272/3 595/271/3
f 599/277/27 598/278/27 600/279/27 611/280/27
f 598/278/22 601/281/22 602/282/22 600/279/22
f 601/283/28 603/284/28 604/285/28 602/286/28
f 606/287/7 603/284/7 601/283/7 597/288/7
f 603/289/8 605/290/8 612/291/8 604/292/8
f 607/293/9 605/294/9 603/295/9 606/296/9
f 608/297/10 609/298/10 605/294/10 607/293/10
f 596/299/11 599/300/11 609/301/11 608/302/11
f 605/290/12 609/303/12 610/304/12 612/291/12
f 609/303/29 599/277/29 611/280/29 610/304/29
f 611/280/14 600/279/14 602/282/14 604/292/14 612/291/14 610/304/14
f 837/305/1 838/306/1 850/307/1 849/308/1 848/309/1 839/310/1
f 837/311/2 840/312/2 841/313/2 838/314/2
f 839/315/3 843/316/3 840/312/3 837/311/3
f 841/317/4 840/318/4 842/319/4 853/320/4
f 840/318/5 843/321/5 844/322/5 842/319/5
f 843/323/6 845/324/6 846/325/6 844/326/6
f 848/327/7 845/324/7 843/323/7 839/328/7
f 845/329/8 847/330/8 854/331/8 846/332/8
f 849/333/9 847/334/9 845/335/9 848/336/9
f 850/337/10 851/338/10 847/334/10 849/333/10
f 838/339/11 841/340/11 851/341/11 850/342/11
f 847/330/12 851/343/12 852/344/12 854/331/12
f 851/343/13 841/317/13 853/320/13 852/344/13
f 853/320/14 842/319/14 844/322/14 846/332/14 854/331/14 852/344/14
f 855/345/11 858/346/11 861/347/11 856/348/11
f 856/349/15 874/350/15 857/351/15 855/352/15
f 857/353/1 860/354/1 858/355/1 855/356/1
f 858/346/11 859/357/11 871/358/11 861/347/11
f 859/357/11 858/346/11 862/359/11 863/360/11
f 858/361/15 860/362/15 864/363/15 862/364/15
f 864/365/1 865/366/1 863/367/1 862/368/1
f 860/369/7 866/370/7 865/371/7 864/372/7
f 866/373/16 859/374/16 863/375/16 865/376/16
f 866/377/1 867/378/1 873/379/1 859/380/1
f 868/381/7 869/382/7 867/383/7 866/370/7
f 870/384/7 868/381/7 866/370/7 860/369/7
f 871/385/14 872/386/14 869/387/14 868/388/14
f 861/389/14 871/385/14 868/388/14 870/390/14
f 859/357/11 873/391/11 872/392/11 871/358/11
f 869/393/16 872/394/16 873/395/16 867/396/16
f 856/397/14 861/389/14 870/390/14 874/398/14
f 874/399/7 870/384/7 860/369/7 857/400/7
f 916/401/15 919/402/15 918/403/15 915/404/15
f 915/405/7 917/406/7 930/407/7 916/408/7
f 918/409/17 920/410/17 917/411/17 915/412/17
f 919/413/11 921/414/11 920/415/11 918/416/11
f 920/415/11 921/414/11 923/417/11 922/418/11
f 917/419/18 920/420/18 922/421/18 924/422/18
f 922/418/11 923/417/11 926/423/11 925/424/11
f 924/422/16 922/421/16 925/425/16 927/426/16
f 926/427/1 928/428/1 927/429/1 925/430/1
f 929/431/7 924/432/7 927/433/7 928/434/7
f 923/435/15 929/436/15 928/437/15 926/438/15
f 930/407/7 917/406/7 924/432/7 929/431/7
f 921/439/19 930/440/19 929/441/19 923/442/19
f 916/443/20 930/440/20 921/439/20 919/444/20
f 932/445/15 935/446/15 934/447/15 931/448/15
f 931/449/7 933/450/7 946/451/7 932/452/7
f 934/453/17 936/454/17 933/455/17 931/456/17
f 935/457/11 937/458/11 936/459/11 934/460/11
f 936/459/11 937/458/11 939/461/11 938/462/11
f 933/463/18 936/464/18 938/465/18 940/466/18
f 938/462/11 939/461/11 942/467/11 941/468/11
f 940/466/16 938/465/16 941/469/16 943/470/16
f 942/471/1 944/472/1 943/473/1 941/474/1
f 945/475/7 940/476/7 943/477/7 944/478/7
f 939/479/15 945/480/15 944/481/15 942/482/15
f 946/451/7 933/450/7 940/476/7 945/475/7
f 937/483/19 946/484/19 945/485/19 939/486/19
f 932/487/20 946/484/20 937/483/20 935/488/20
f 1171/489/1 1172/490/1 1184/491/1 1183/492/1 1182/493/1 1173/494/1
f 1171/495/2 1174/496/2 1175/497/2 1172/498/2
f 1173/499/3 1177/500/3 1174/496/3 1171/495/3
f 1175/501/21 1174/502/21 1176/503/21 1187/504/21
f 1174/502/22 1177/505/22 1178/506/22 1176/503/22
f 1177/507/23 1179/508/23 1180/509/23 1178/510/23
f 1182/511/7 1179/508/7 1177/507/7 1173/512/7
f 1179/513/8 1181/514/8 1188/515/8 1180/516/8
f 1183/517/9 1181/518/9 1179/519/9 1182/520/9
f 1184/521/10 1185/522/10 1181/518/10 1183/517/10
f 1172/523/11 1175/524/11 1185/525/11 1184/526/11
f 1181/514/24 1185/527/24 1186/528/24 1188/515/24
f 1185/527/13 1175/501/13 1187/504/13 1186/528/13
f 1187/504/14 1176/503/14 1178/506/14 1180/516/14 1188/515/14 1186/528/14
f 1189/529/1 1190/530/1 1202/531/1 1201/532/1 1200/533/1 1191/534/1
f 1189/535/2 1192/536/2 1193/537/2 1190/538/2
f 1191/539/3 1195/540/3 1192/536/3 1189/535/3
f 1193/541/25 1192/542/25 1194/543/25 1205/544/25
f 1192/542/5 1195/545/5 1196/546/5 1194/543/5
f 1195/547/6 1197/548/6 1198/549/6 1196/550/6
f 1200/551/7 1197/548/7 1195/547/7 1191/552/7
f 1197/553/8 1199/554/8 1206/555/8 1198/556/8
f 1201/557/9 1199/558/9 1197/559/9 1200/560/9
f 1202/561/10 1203/562/10 1199/558/10 1201/557/10
f 1190/563/11 1193/564/11 1203/565/11 1202/566/11
f 1199/554/12 1203/567/12 1204/568/12 1206/555/12
f 1203/567/26 1193/541/26 1205/544/26 1204/568/26
f 1205/544/14 1194/543/14 1196/546/14 1198/556/14 1206/555/14 1204/568/14
f 1207/569/1 1208/570/1 1220/571/1 1219/572/1 1218/573/1 1209/574/1
f 1207/575/2 1210/576/2 1211/577/2 1208/578/2
f 1209/579/3 1213/580/3 1210/576/3 1207/575/3
f 1211/581/27 1210/582/27 1212/583/27 1223/584/27
f 1210/582/22 1213/585/22 1214/586/22 1212/583/22
f 1213/587/28 1215/588/28 1216/589/28 1214/590/28
f 1218/591/7 1215/588/7 1213/587/7 1209/592/7
f 1215/593/8 1217/594/8 1224/595/8 1216/596/8
f 1219/597/9 1217/598/9 1215/599/9 1218/600/9
f 1220/601/10 1221/602/10 1217/598/10 1219/597/10
f 1208/603/11 1211/604/11 1221/605/11 1220/606/11
f 1217/594/12 1221/607/12 1222/608/12 1224/595/12
f 1221/607/29 1211/581/29 1223/584/29 1222/608/29
f 1223/584/14 1212/583/14 1214/586/14 1216/596/14 1224/595/14 1222/608/14
f 1449/1/14 1451/6/14 1460/5/14 1461/4/14 1462/3/14 1450/2/14
f 1449/7/2 1450/10/2 1453/9/2 1452/8/2
f 1451/11/30 1449/7/30 1452/8/30 1455/12/30
f 1453/13/31 1465/16/31 1454/15/31 1452/14/31
f 1452/14/32 1454/15/32 1456/18/32 1455/17/32
f 1455/19/33 1456/22/33 1458/21/33 1457/20/33
f 1460/23/7 1451/24/7 1455/19/7 1457/20/7
f 1457/25/34 1458/28/34 1466/27/34 1459/26/34
f 1461/29/9 1460/32/9 1457/31/9 1459/30/9
f 1462/33/10 1461/29/10 1459/30/10 1463/34/10
f 1450/35/11 1462/38/11 1463/37/11 1453/36/11
f 1459/26/35 1466/27/35 1464/40/35 1463/39/35
f 1463/39/36 1464/40/36 1465/16/36 1453/13/36
f 1465/16/1 1464/40/1 1466/27/1 1458/28/1 1456/18/1 1454/15/1
f 1467/41/11 1468/44/11 1473/43/11 1470/42/11
f 1468/45/15 1467/48/15 1469/47/15 1486/46/15
f 1469/49/14 1467/52/14 1470/51/14 1472/50/14
f 1470/42/11 1473/43/11 1483/54/11 1471/53/11
f 1471/53/11 1475/56/11 1474/55/11 1470/42/11
f 1470/57/15 1474/60/15 1476/59/15 1472/58/15
f 1476/61/14 1474/64/14 1475/63/14 1477/62/14
f 1472/65/7 1476/68/7 1477/67/7 1478/66/7
f 1478/69/16 1477/72/16 1475/71/16 1471/70/16
f 1478/73/14 1471/76/14 1485/75/14 1479/74/14
f 1480/77/7 1478/66/7 1479/79/7 1481/78/7
f 1482/80/7 1472/65/7 1478/66/7 1480/77/7
f 1483/81/1 1480/84/1 1481/83/1 1484/82/1
f 1473/85/1 1482/86/1 1480/84/1 1483/81/1
f 1471/53/11 1483/54/11 1484/88/11 1485/87/11
f 1481/89/16 1479/92/16 1485/91/16 1484/90/16
f 1468/93/1 1486/94/1 1482/86/1 1473/85/1
f 1486/95/7 1469/96/7 1472/65/7 1482/80/7
f 1528/97/15 1527/100/15 1530/99/15 1531/98/15
f 1527/101/7 1528/104/7 1542/103/7 1529/102/7
f 1530/105/20 1527/108/20 1529/107/20 1532/106/20
f 1531/109/11 1530/112/11 1532/111/11 1533/110/11
f 1532/111/11 1534/114/11 1535/113/11 1533/110/11
f 1529/115/37 1536/118/37 1534/117/37 1532/116/37
f 1534/114/11 1537/120/11 1538/119/11 1535/113/11
f 1536/118/16 1539/122/16 1537/121/16 1534/117/16
f 1538/123/14 1537/126/14 1539/125/14 1540/124/14
f 1541/127/7 1540/130/7 1539/129/7 1536/128/7
f 1535/131/15 1538/134/15 1540/133/15 1541/132/15
f 1542/103/7 1541/127/7 1536/128/7 1529/102/7
f 1533/135/38 1535/138/38 1541/137/38 1542/136/38
f 1528/139/17 1531/140/17 1533/135/17 1542/136/17
f 1544/141/15 1543/144/15 1546/143/15 1547/142/15
f 1543/145/7 1544/148/7 1558/147/7 1545/146/7
f 1546/149/20 1543/152/20 1545/151/20 1548/150/20
f 1547/153/11 1546/156/11 1548/155/11 1549/154/11
f 1548/155/11 1550/158/11 1551/157/11 1549/154/11
f 1545/159/37 1552/162/37 1550/161/37 1548/160/37
f 1550/158/11 1553/164/11 1554/163/11 1551/157/11
f 1552/162/16 1555/166/16 1553/165/16 1550/161/16
f 1554/167/14 1553/170/14 1555/169/14 1556/168/14
f 1557/171/7 1556/174/7 1555/173/7 1552/172/7
f 1551/175/15 1554/178/15 1556/177/15 1557/176/15
f 1558/147/7 1557/171/7 1552/172/7 1545/146/7
f 1549/179/38 1551/182/38 1557/181/38 1558/180/38
f 1544/183/17 1547/184/17 1549/179/17 1558/180/17
f 1783/185/14 1785/190/14 1794/189/14 1795/188/14 1796/187/14 1784/186/14
f 1783/191/2 1784/194/2 1787/193/2 1786/192/2
f 1785/195/30 1783/191/30 1786/192/30 1789/196/30
f 1787/197/39 1799/200/39 1788/199/39 1786/198/39
f 1786/198/32 1788/199/32 1790/202/32 1789/201/32
f 1789/203/33 1790/206/33 1792/205/33 1791/204/33
f 1794/207/7 1785/208/7 1789/203/7 1791/204/7
f 1791/209/34 1792/212/34 1800/211/34 1793/210/34
f 1795/213/9 1794/216/9 1791/215/9 1793/214/9
f 1796/217/10 1795/213/10 1793/214/10 1797/218/10
f 1784/219/11 1796/222/11 1797/221/11 1787/220/11
f 1793/210/35 1800/211/35 1798/224/35 1797/223/35
f 1797/223/36 1798/224/36 1799/200/36 1787/197/36
f 1799/200/1 1798/224/1 1800/211/1 1792/212/1 1790/202/1 1788/199/1
f 1801/225/14 1803/230/14 1812/229/14 1813/228/14 1814/227/14 1802/226/14
f 1801/231/40 1802/234/40 1805/233/40 1804/232/40
f 1803/235/3 1801/231/3 1804/232/3 1807/236/3
f 1805/237/31 1817/240/31 1806/239/31 1804/238/31
f 1804/238/32 1806/239/32 1808/242/32 1807/241/32
f 1807/243/41 1808/246/41 1810/245/41 1809/244/41
f 1812/247/7 1803/248/7 1807/243/7 1809/244/7
f 1809/249/34 1810/252/34 1818/251/34 1811/250/34
f 1813/253/9 1812/256/9 1809/255/9 1811/254/9
f 1814/257/10 1813/253/10 1811/254/10 1815/258/10
f 1802/259/11 1814/262/11 1815/261/11 1805/260/11
f 1811/250/35 1818/251/35 1816/264/35 1815/263/35
f 1815/263/42 1816/264/42 1817/240/42 1805/237/42
f 1817/240/1 1816/264/1 1818/251/1 1810/252/1 1808/242/1 1806/239/1
f 1819/265/14 1821/270/14 1830/269/14 1831/268/14 1832/267/14 1820/266/14
f 1819/271/40 1820/274/40 1823/273/40 1822/272/40
f 1821/275/3 1819/271/3 1822/272/3 1825/276/3
f 1823/277/31 1835/280/31 1824/279/31 1822/278/31
f 1822/278/32 1824/279/32 1826/282/32 1825/281/32
f 1825/283/41 1826/286/41 1828/285/41 1827/284/41
f 1830/287/7 1821/288/7 1825/283/7 1827/284/7
f 1827/289/34 1828/292/34 1836/291/34 1829/290/34
f 1831/293/9 1830/296/9 1827/295/9 1829/294/9
f 1832/297/10 1831/293/10 1829/294/10 1833/298/10
f 1820/299/11 1832/302/11 1833/301/11 1823/300/11
f 1829/290/35 1836/291/35 1834/304/35 1833/303/35
f 1833/303/42 1834/304/42 1835/280/42 1823/277/42
f 1835/280/1 1834/304/1 1836/291/1 1828/292/1 1826/282/1 1824/279/1
f 2061/305/14 2063/310/14 2072/309/14 2073/308/14 2074/307/14 2062/306/14
f 2061/311/2 2062/314/2 2065/313/2 2064/312/2
f 2063/315/30 2061/311/30 2064/312/30 2067/316/30
f 2065/317/31 2077/320/31 2066/319/31 2064/318/31
f 2064/318/32 2066/319/32 2068/322/32 2067/321/32
f 2067/323/33 2068/326/33 2070/325/33 2069/324/33
f 2072/327/7 2063/328/7 2067/323/7 2069/324/7
f 2069/329/34 2070/332/34 2078/331/34 2071/330/34
f 2073/333/9 2072/336/9 2069/335/9 2071/334/9
f 2074/337/10 2073/333/10 2071/334/10 2075/338/10
f 2062/339/11 2074/342/11 2075/341/11 2065/340/11
f 2071/330/35 2078/331/35 2076/344/35 2075/343/35
f 2075/343/36 2076/344/36 2077/320/36 2065/317/36
f 2077/320/1 2076/344/1 2078/331/1 2070/332/1 2068/322/1 2066/319/1
f 2079/345/11 2080/348/11 2085/347/11 2082/346/11
f 2080/349/15 2079/352/15 2081/351/15 2098/350/15
f 2081/353/14 2079/356/14 2082/355/14 2084/354/14
f 2082/346/11 2085/347/11 2095/358/11 2083/357/11
f 2083/357/11 2087/360/11 2086/359/11 2082/346/11
f 2082/361/15 2086/364/15 2088/363/15 2084/362/15
f 2088/365/14 2086/368/14 2087/367/14 2089/366/14
f 2084/369/7 2088/372/7 2089/371/7 2090/370/7
f 2090/373/16 2089/376/16 2087/375/16 2083/374/16
f 2090/377/14 2083/380/14 2097/379/14 2091/378/14
f 2092/381/7 2090/370/7 2091/383/7 2093/382/7
f 2094/384/7 2084/369/7 2090/370/7 2092/381/7
f 2095/385/1 2092/388/1 2093/387/1 2096/386/1
f 2085/389/1 2094/390/1 2092/388/1 2095/385/1
f 2083/357/11 2095/358/11 2096/392/11 2097/391/11
f 2093/393/16 2091/396/16 2097/395/16 2096/394/16
f 2080/397/1 2098/398/1 2094/390/1 2085/389/1
f 2098/399/7 2081/400/7 2084/369/7 2094/384/7
f 2140/401/15 2139/404/15 2142/403/15 2143/402/15
f 2139/405/7 2140/408/7 2154/407/7 2141/406/7
f 2142/409/20 2139/412/20 2141/411/20 2144/410/20
f 2143/413/11 2142/416/11 2144/415/11 2145/414/11
f 2144/415/11 2146/418/11 2147/417/11 2145/414/11
f 2141/419/37 2148/422/37 2146/421/37 2144/420/37
f 2146/418/11 2149/424/11 2150/423/11 2147/417/11
f 2148/422/16 2151/426/16 2149/425/16 2146/421/16
f 2150/427/14 2149/430/14 2151/429/14 2152/428/14
f 2153/431/7 2152/434/7 2151/433/7 2148/432/7
f 2147/435/15 2150/438/15 2152/437/15 2153/436/15
f 2154/407/7 2153/431/7 2148/432/7 2141/406/7
f 2145/439/38 2147/442/38 2153/441/38 2154/440/38
f 2140/443/17 2143/444/17 2145/439/17 2154/440/17
f 2156/445/15 2155/448/15 2158/447/15 2159/446/15
f 2155/449/7 2156/452/7 2170/451/7 2157/450/7
f 2158/453/20 2155/456/20 2157/455/20 2160/454/20
f 2159/457/11 2158/460/11 2160/459/11 2161/458/11
f 2160/459/11 2162/462/11 2163/461/11 2161/458/11
f 2157/463/37 2164/466/37 2162/465/37 2160/464/37
f 2162/462/11 2165/468/11 2166/467/11 2163/461/11
f 2164/466/16 2167/470/16 2165/469/16 2162/465/16
f 2166/471/14 2165/474/14 2167/473/14 2168/472/14
f 2169/475/7 2168/478/7 2167/477/7 2164/476/7
f 2163/479/15 2166/482/15 2168/481/15 2169/480/15
f 2170/451/7 2169/475/7 2164/476/7 2157/450/7
f 2161/483/38 2163/486/38 2169/485/38 2170/484/38
f 2156/487/17 2159/488/17 2161/483/17 2170/484/17
f 2395/489/14 2397/494/14 2406/493/14 2407/492/14 2408/491/14 2396/490/14
f 2395/495/2 2396/498/2 2399/497/2 2398/496/2
f 2397/499/30 2395/495/30 2398/496/30 2401/500/30
f 2399/501/39 2411/504/39 2400/503/39 2398/502/39
f 2398/502/32 2400/503/32 2402/506/32 2401/505/32
f 2401/507/33 2402/510/33 2404/509/33 2403/508/33
f 2406/511/7 2397/512/7 2401/507/7 2403/508/7
f 2403/513/34 2404/516/34 2412/515/34 2405/514/34
f 2407/517/9 2406/520/9 2403/519/9 2405/518/9
f 2408/521/10 2407/517/10 2405/518/10 2409/522/10
f 2396/523/11 2408/526/11 2409/525/11 2399/524/11
f 2405/514/35 2412/515/35 2410/528/35 2409/527/35
f 2409/527/36 2410/528/36 2411/504/36 2399/501/36
f 2411/504/1 2410/528/1 2412/515/1 2404/516/1 2402/506/1 2400/503/1
f 2413/529/14 2415/534/14 2424/533/14 2425/532/14 2426/531/14 2414/530/14
f 2413/535/40 2414/538/40 2417/537/40 2416/536/40
f 2415/539/3 2413/535/3 2416/536/3 2419/540/3
f 2417/541/31 2429/544/31 2418/543/31 2416/542/31
f 2416/542/32 2418/543/32 2420/546/32 2419/545/32
f 2419/547/41 2420/550/41 2422/549/41 2421/548/41
f 2424/551/7 2415/552/7 2419/547/7 2421/548/7
f 2421/553/34 2422/556/34 2430/555/34 2423/554/34
f 2425/557/9 2424/560/9 2421/559/9 2423/558/9
f 2426/561/10 2425/557/10 2423/558/10 2427/562/10
f 2414/563/11 2426/566/11 2427/565/11 2417/564/11
f 2423/554/35 2430/555/35 2428/568/35 2427/567/35
f 2427/567/42 2428/568/42 2429/544/42 2417/541/42
f 2429/544/1 2428/568/1 2430/555/1 2422/556/1 2420/546/1 2418/543/1
f 2431/569/14 2433/574/14 2442/573/14 2443/572/14 2444/571/14 2432/570/14
f 2431/575/40 2432/578/40 2435/577/40 2434/576/40
f 2433/579/3 2431/575/3 2434/576/3 2437/580/3
f 2435/581/31 2447/584/31 2436/583/31 2434/582/31
f 2434/582/32 2436/583/32 2438/586/32 2437/585/32
f 2437/587/41 2438/590/41 2440/589/41 2439/588/41
f 2442/591/7 2433/592/7 2437/587/7 2439/588/7
f 2439/593/34 2440/596/34 2448/595/34 2441/594/34
f 2443/597/9 2442/600/9 2439/599/9 2441/598/9
f 2444/601/10 2443/597/10 2441/598/10 2445/602/10
f 2432/603/11 2444/606/11 2445/605/11 2435/604/11
f 2441/594/35 2448/595/35 2446/608/35 2445/607/35
f 2445/607/42 2446/608/42 2447/584/42 2435/581/42
f 2447/584/1 2446/608/1 2448/595/1 2440/596/1 2438/586/1 2436/583/1
f 2/609/43 1/610/44 5/611/45 6/612/46
f 3/613/47 1/614/44 2/615/43 101/616/48
f 17/617/49 4/618/50 1/614/44 3/613/47
f 1/610/44 4/619/50 8/620/51 5/611/45
f 6/612/46 5/611/45 7/621/52 200/622/53
f 5/611/45 8/620/51 9/623/54 7/621/52
f 8/620/51 10/624/55 11/625/56 9/623/54
f 4/619/50 13/626/57 10/624/55 8/620/51
f 10/624/55 12/627/58 191/628/59 11/625/56
f 13/626/57 14/629/60 12/627/58 10/624/55
f 18/630/61 14/631/60 13/632/57 15/633/62
f 15/633/62 13/632/57 4/618/50 17/617/49
f 15/634/62 17/635/49 106/636/63 16/637/64
f 18/638/61 15/634/62 16/637/64 19/639/65
f 20/640/66 18/638/61 19/639/65 21/641/67
f 20/642/66 22/643/68 14/631/60 18/630/61
f 23/644/69 20/640/66 21/641/67 24/645/70
f 23/646/69 25/647/71 22/648/68 20/649/66
f 26/650/72 23/644/69 24/645/70 27/651/73
f 26/652/72 28/653/74 25/647/71 23/646/69
f 29/654/75 26/650/72 27/651/73 30/655/76
f 29/656/75 31/657/77 28/653/74 26/652/72
f 32/658/78 29/654/75 30/655/76 33/659/79
f 32/660/78 34/661/80 31/657/77 29/656/75
f 35/662/81 32/658/78 33/659/79 36/663/82
f 35/664/81 37/665/83 34/661/80 32/660/78
f 38/666/84 35/662/81 36/663/82 39/667/85
f 38/668/84 40/669/86 37/665/83 35/664/81
f 41/670/87 38/666/84 39/667/85 42/671/88
f 41/672/87 43/673/89 40/669/86 38/668/84
f 44/674/90 41/670/87 42/671/88 45/675/91
f 44/676/90 46/677/92 43/673/89 41/672/87
f 47/678/93 44/674/90 45/675/91 48/679/94
f 47/680/93 49/681/95 46/682/92 44/683/90
f 50/684/96 47/678/93 48/679/94 51/685/97
f 50/686/96 52/687/98 49/681/95 47/680/93
f 53/688/99 50/684/96 51/685/97 54/689/100
f 53/690/99 55/691/101 52/687/98 50/686/96
f 56/692/102 53/688/99 54/689/100 57/693/103
f 56/694/102 58/695/104 55/691/101 53/690/99
f 59/696/105 56/692/102 57/693/103 60/697/106
f 59/698/105 61/699/107 58/695/104 56/694/102
f 62/700/108 59/696/105 60/697/106 63/701/109
f 62/702/108 64/703/110 61/699/107 59/698/105
f 65/704/111 62/700/108 63/701/109 66/705/112
f 65/706/111 67/707/113 64/703/110 62/702/108
f 68/708/114 65/704/111 66/705/112 69/709/115
f 68/710/114 70/711/116 67/707/113 65/706/111
f 71/712/117 68/708/114 69/709/115 72/713/118
f 71/714/117 73/715/119 70/716/116 68/717/114
f 74/718/120 71/712/117 72/713/118 75/719/121
f 74/720/120 76/721/122 73/715/119 71/714/117
f 77/722/123 74/718/120 75/719/121 78/723/124
f 77/724/123 79/725/125 76/721/122 74/720/120
f 80/726/126 77/722/123 78/723/124 81/727/127
f 80/728/126 82/729/128 79/725/125 77/724/123
f 83/730/129 80/726/126 81/727/127 84/731/130
f 83/732/129 85/733/131 82/729/128 80/728/126
f 86/734/132 83/730/129 84/731/130 87/735/133
f 86/736/132 88/737/134 85/733/131 83/732/129
f 89/738/135 86/734/132 87/735/133 90/739/136
f 89/740/135 91/741/137 88/737/134 86/736/132
f 92/742/138 89/738/135 90/739/136 93/743/139
f 92/744/138 94/745/140 91/741/137 89/740/135
f 95/746/141 92/742/138 93/743/139 96/747/142
f 95/748/141 97/749/143 94/750/140 92/751/138
f 98/752/144 95/746/141 96/747/142 99/753/145
f 98/754/144 100/755/146 97/749/143 95/748/141
f 101/756/48 98/752/144 99/753/145 102/757/147
f 101/616/48 2/615/43 100/755/146 98/754/144
f 3/758/47 101/756/48 102/757/147 104/759/148
f 105/760/47 104/761/148 102/762/147 103/763/48
f 103/763/48 102/762/147 99/764/145 136/765/149
f 17/635/49 3/758/47 104/759/148 106/636/63
f 107/766/49 106/767/63 104/761/148 105/760/47
f 108/768/62 16/769/64 106/767/63 107/766/49
f 105/770/47 103/771/48 136/772/149 135/773/141 134/774/138 133/775/135 132/776/132 131/777/129 130/778/126 129/779/123 128/780/150 127/781/117 126/782/114 125/783/111 124/784/151 123/785/105 122/786/102 121/787/99 120/788/96 119/789/93 118/790/90 117/791/87 116/792/84 115/793/81 114/794/78 113/795/75 112/796/152 111/797/69 110/798/66 109/799/61 108/800/62 107/801/49
f 109/802/61 19/803/65 16/769/64 108/768/62
f 110/804/66 21/805/67 19/803/65 109/802/61
f 111/806/69 24/807/70 21/808/67 110/809/66
f 112/810/152 27/811/73 24/807/70 111/806/69
f 113/812/75 30/813/76 27/811/73 112/810/152
f 114/814/78 33/815/79 30/813/76 113/812/75
f 115/816/81 36/817/82 33/815/79 114/814/78
f 116/818/84 39/819/85 36/817/82 115/816/81
f 117/820/87 42/821/88 39/819/85 116/818/84
f 118/822/90 45/823/91 42/821/88 117/820/87
f 119/824/93 48/825/94 45/826/91 118/827/90
f 120/828/96 51/829/97 48/825/94 119/824/93
f 121/830/99 54/831/100 51/829/97 120/828/96
f 122/832/102 57/833/103 54/831/100 121/830/99
f 123/834/105 60/835/106 57/833/103 122/832/102
f 124/836/151 63/837/109 60/835/106 123/834/105
f 125/838/111 66/839/112 63/837/109 124/836/151
f 126/840/114 69/841/115 66/839/112 125/838/111
f 127/842/117 72/843/118 69/844/115 126/845/114
f 128/846/150 75/847/121 72/843/118 127/842/117
f 129/848/123 78/849/124 75/847/121 128/846/150
f 130/850/126 81/851/127 78/849/124 129/848/123
f 131/852/129 84/853/130 81/851/127 130/850/126
f 132/854/132 87/855/133 84/853/130 131/852/129
f 133/856/135 90/857/136 87/855/133 132/854/132
f 134/858/138 93/859/139 90/857/136 133/856/135
f 135/860/141 96/861/142 93/862/139 134/863/138
f 136/765/149 99/764/145 96/861/142 135/860/141
f 100/864/146 2/609/43 6/612/46 137/865/153
f 97/866/143 100/864/146 137/865/153 139/867/154
f 139/867/154 137/865/153 138/868/155 140/869/156
f 137/865/153 6/612/46 200/622/53 138/868/155
f 141/870/157 139/867/154 140/869/156 142/871/158
f 94/872/140 97/866/143 139/867/154 141/870/157
f 143/873/159 141/870/157 142/871/158 144/874/160
f 91/875/137 94/872/140 141/870/157 143/873/159
f 145/876/161 143/873/159 144/874/160 146/877/162
f 88/878/134 91/875/137 143/873/159 145/876/161
f 147/879/163 145/876/161 146/877/162 148/880/164
f 85/881/131 88/878/134 145/876/161 147/879/163
f 149/882/165 147/879/163 148/880/164 150/883/166
f 82/884/128 85/881/131 147/879/163 149/882/165
f 151/885/167 149/882/165 150/883/166 152/886/168
f 79/887/125 82/884/128 149/882/165 151/885/167
f 153/888/169 151/885/167 152/886/168 154/889/170
f 76/890/122 79/887/125 151/885/167 153/888/169
f 155/891/171 153/888/169 154/889/170 156/892/172
f 73/893/119 76/890/122 153/888/169 155/891/171
f 157/894/173 155/891/171 156/892/172 158/895/174
f 70/896/116 73/893/119 155/891/171 157/894/173
f 159/897/175 157/894/173 158/895/174 160/898/176
f 67/899/113 70/896/116 157/894/173 159/897/175
f 161/900/177 159/897/175 160/898/176 162/901/178
f 64/902/110 67/899/113 159/897/175 161/900/177
f 163/903/179 161/900/177 162/901/178 164/904/180
f 61/905/107 64/902/110 161/900/177 163/903/179
f 165/906/181 163/903/179 164/904/180 166/907/182
f 58/908/104 61/905/107 163/903/179 165/906/181
f 167/909/183 165/906/181 166/907/182 168/910/184
f 55/911/101 58/908/104 165/906/181 167/909/183
f 169/912/185 167/909/183 168/910/184 170/913/186
f 52/914/98 55/911/101 167/909/183 169/912/185
f 171/915/187 169/912/185 170/913/186 172/916/188
f 49/917/95 52/914/98 169/912/185 171/915/187
f 173/918/189 171/915/187 172/916/188 174/919/190
f 46/920/92 49/917/95 171/915/187 173/918/189
f 175/921/191 173/918/189 174/919/190 176/922/192
f 43/923/89 46/920/92 173/918/189 175/921/191
f 177/924/193 175/921/191 176/922/192 178/925/194
f 40/926/86 43/923/89 175/921/191 177/924/193
f 179/927/195 177/924/193 178/925/194 180/928/196
f 37/929/83 40/926/86 177/924/193 179/927/195
f 181/930/197 179/927/195 180/928/196 182/931/198
f 34/932/80 37/929/83 179/927/195 181/930/197
f 183/933/199 181/930/197 182/931/198 184/934/200
f 31/935/77 34/932/80 181/930/197 183/933/199
f 185/936/201 183/933/199 184/934/200 186/937/202
f 28/938/74 31/935/77 183/933/199 185/936/201
f 187/939/203 185/936/201 186/937/202 188/940/204
f 25/941/71 28/938/74 185/936/201 187/939/203
f 189/942/205 187/939/203 188/940/204 190/943/206
f 22/944/68 25/941/71 187/939/203 189/942/205
f 12/627/58 189/942/205 190/943/206 191/628/59
f 14/629/60 22/944/68 189/942/205 12/627/58
f 190/945/206 188/946/204 193/947/207 192/948/208
f 191/949/59 190/950/206 192/951/208 194/952/209
f 198/953/210 197/954/211 196/955/212 195/956/213 194/957/209 192/958/208 193/959/207 224/960/214 223/961/215 222/962/216 221/963/217 220/964/218 219/965/219 218/966/220 217/967/221 216/968/222 215/969/223 214/970/224 213/971/225 212/972/226 211/973/227 210/974/228 209/975/229 208/976/230 207/977/231 206/978/232 205/979/233 204/980/234 203/981/235 202/982/236 201/983/237 199/984/238
f 11/985/56 191/949/59 194/952/209 195/986/213
f 9/987/54 11/985/56 195/986/213 196/988/212
f 7/989/52 9/987/54 196/988/212 197/990/211
f 200/991/53 7/989/52 197/990/211 198/992/210
f 138/993/155 200/991/53 198/992/210 199/994/238
f 140/995/156 138/993/155 199/994/238 201/996/237
f 142/997/158 140/995/156 201/996/237 202/998/236
f 144/999/160 142/1000/158 202/1001/236 203/1002/235
f 146/1003/162 144/999/160 203/1002/235 204/1004/234
f 148/1005/164 146/1003/162 204/1004/234 205/1006/233
f 150/1007/166 148/1005/164 205/1006/233 206/1008/232
f 152/1009/168 150/1007/166 206/1008/232 207/1010/231
f 154/1011/170 152/1009/168 207/1010/231 208/1012/230
f 156/1013/172 154/1011/170 208/1012/230 209/1014/229
f 158/1015/174 156/1013/172 209/1014/229 210/1016/228
f 160/1017/176 158/1018/174 210/1019/228 211/1020/227
f 162/1021/178 160/1017/176 211/1020/227 212/1022/226
f 164/1023/180 162/1021/178 212/1022/226 213/1024/225
f 166/1025/182 164/1023/180 213/1024/225 214/1026/224
f 168/1027/184 166/1025/182 214/1026/224 215/1028/223
f 170/1029/186 168/1027/184 215/1028/223 216/1030/222
f 172/1031/188 170/1029/186 216/1030/222 217/1032/221
f 174/1033/190 172/1034/188 217/1035/221 218/1036/220
f 176/1037/192 174/1033/190 218/1036/220 219/1038/219
f 178/1039/194 176/1037/192 219/1038/219 220/1040/218
f 180/1041/196 178/1039/194 220/1040/218 221/1042/217
f 182/1043/198 180/1044/196 221/1045/217 222/1046/216
f 184/1047/200 182/1043/198 222/1046/216 223/1048/215
f 186/1049/202 184/1047/200 223/1048/215 224/1050/214
f 188/946/204 186/1049/202 224/1050/214 193/947/207
f 336/1051/43 335/1052/44 339/1053/45 340/1054/46
f 337/1055/47 335/1056/44 336/1057/43 435/1058/48
f 351/1059/49 338/1060/50 335/1056/44 337/1055/47
f 335/1052/44 338/1061/50 342/1062/51 339/1053/45
f 340/1054/46 339/1053/45 341/1063/52 534/1064/53
f 339/1053/45 342/1062/51 343/1065/54 341/1063/52
f 342/1062/51 344/1066/55 345/1067/239 343/1065/54
f 338/1061/50 347/1068/57 344/1066/55 342/1062/51
f 344/1066/55 346/1069/58 525/1070/59 345/1067/239
f 347/1068/57 348/1071/60 346/1069/58 344/1066/55
f 352/1072/61 348/1073/60 347/1074/57 349/1075/62
f 349/1075/62 347/1074/57 338/1060/50 351/1059/49
f 349/1076/62 351/1077/49 440/1078/63 350/1079/64
f 352/1080/61 349/1076/62 350/1079/64 353/1081/65
f 354/1082/66 352/1080/61 353/1081/65 355/1083/67
f 354/1084/66 356/1085/68 348/1073/60 352/1072/61
f 357/1086/69 354/1082/66 355/1083/67 358/1087/240
f 357/1088/69 359/1089/71 356/1090/68 354/1091/66
f 360/1092/241 357/1086/69 358/1087/240 361/1093/242
f 360/1094/241 362/1095/243 359/1089/71 357/1088/69
f 363/1096/75 360/1092/241 361/1093/242 364/1097/76
f 363/1098/75 365/1099/77 362/1095/243 360/1094/241
f 366/1100/78 363/1096/75 364/1097/76 367/1101/79
f 366/1102/78 368/1103/244 365/1099/77 363/1098/75
f 369/1104/81 366/1100/78 367/1101/79 370/1105/82
f 369/1106/81 371/1107/245 368/1103/244 366/1102/78
f 372/1108/84 369/1104/81 370/1105/82 373/1109/246
f 372/1110/84 374/1111/86 371/1107/245 369/1106/81
f 375/1112/87 372/1108/84 373/1109/246 376/1113/247
f 375/1114/87 377/1115/89 374/1111/86 372/1110/84
f 378/1116/90 375/1112/87 376/1113/247 379/1117/248
f 378/1118/90 380/1119/92 377/1115/89 375/1114/87
f 381/1120/93 378/1116/90 379/1117/248 382/1121/94
f 381/1122/93 383/1123/95 380/1124/92 378/1125/90
f 384/1126/96 381/1120/93 382/1121/94 385/1127/97
f 384/1128/96 386/1129/98 383/1123/95 381/1122/93
f 387/1130/99 384/1126/96 385/1127/97 388/1131/100
f 387/1132/99 389/1133/249 386/1129/98 384/1128/96
f 390/1134/102 387/1130/99 388/1131/100 391/1135/103
f 390/1136/102 392/1137/104 389/1133/249 387/1132/99
f 393/1138/105 390/1134/102 391/1135/103 394/1139/106
f 393/1140/105 395/1141/107 392/1137/104 390/1136/102
f 396/1142/108 393/1138/105 394/1139/106 397/1143/109
f 396/1144/108 398/1145/110 395/1141/107 393/1140/105
f 399/1146/111 396/1142/108 397/1143/109 400/1147/112
f 399/1148/111 401/1149/113 398/1145/110 396/1144/108
f 402/1150/114 399/1146/111 400/1147/112 403/1151/115
f 402/1152/114 404/1153/116 401/1149/113 399/1148/111
f 405/1154/117 402/1150/114 403/1151/115 406/1155/250
f 405/1156/117 407/1157/119 404/1158/116 402/1159/114
f 408/1160/251 405/1154/117 406/1155/250 409/1161/252
f 408/1162/251 410/1163/122 407/1157/119 405/1156/117
f 411/1164/123 408/1160/251 409/1161/252 412/1165/253
f 411/1166/123 413/1167/125 410/1163/122 408/1162/251
f 414/1168/126 411/1164/123 412/1165/253 415/1169/254
f 414/1170/126 416/1171/255 413/1167/125 411/1166/123
f 417/1172/129 414/1168/126 415/1169/254 418/1173/256
f 417/1174/129 419/1175/131 416/1171/255 414/1170/126
f 420/1176/132 417/1172/129 418/1173/256 421/1177/133
f 420/1178/132 422/1179/134 419/1175/131 417/1174/129
f 423/1180/135 420/1176/132 421/1177/133 424/1181/136
f 423/1182/135 425/1183/137 422/1179/134 420/1178/132
f 426/1184/138 423/1180/135 424/1181/136 427/1185/139
f 426/1186/138 428/1187/140 425/1183/137 423/1182/135
f 429/1188/141 426/1184/138 427/1185/139 430/1189/142
f 429/1190/141 431/1191/143 428/1192/140 426/1193/138
f 432/1194/144 429/1188/141 430/1189/142 433/1195/145
f 432/1196/144 434/1197/146 431/1191/143 429/1190/141
f 435/1198/48 432/1194/144 433/1195/145 436/1199/147
f 435/1058/48 336/1057/43 434/1197/146 432/1196/144
f 337/1200/47 435/1198/48 436/1199/147 438/1201/148
f 439/1202/47 438/1203/148 436/1204/147 437/1205/48
f 437/1205/48 436/1204/147 433/1206/145 470/1207/144
f 351/1077/49 337/1200/47 438/1201/148 440/1078/63
f 441/1208/49 440/1209/63 438/1203/148 439/1202/47
f 442/1210/62 350/1211/64 440/1209/63 441/1208/49
f 439/1212/47 437/1213/48 470/1214/144 469/1215/141 468/1216/138 467/1217/135 466/1218/132 465/1219/129 464/1220/126 463/1221/123 462/1222/150 461/1223/117 460/1224/114 459/1225/111 458/1226/108 457/1227/105 456/1228/102 455/1229/99 454/1230/96 453/1231/93 452/1232/90 451/1233/87 450/1234/257 449/1235/81 448/1236/78 447/1237/75 446/1238/72 445/1239/69 444/1240/66 443/1241/61 442/1242/62 441/1243/49
f 443/1244/61 353/1245/65 350/1211/64 442/1210/62
f 444/1246/66 355/1247/67 353/1245/65 443/1244/61
f 445/1248/69 358/1249/240 355/1250/67 444/1251/66
f 446/1252/72 361/1253/242 358/1249/240 445/1248/69
f 447/1254/75 364/1255/76 361/1253/242 446/1252/72
f 448/1256/78 367/1257/79 364/1255/76 447/1254/75
f 449/1258/81 370/1259/82 367/1257/79 448/1256/78
f 450/1260/257 373/1261/246 370/1259/82 449/1258/81
f 451/1262/87 376/1263/247 373/1261/246 450/1260/257
f 452/1264/90 379/1265/248 376/1263/247 451/1262/87
f 453/1266/93 382/1267/94 379/1268/248 452/1269/90
f 454/1270/96 385/1271/97 382/1267/94 453/1266/93
f 455/1272/99 388/1273/100 385/1271/97 454/1270/96
f 456/1274/102 391/1275/103 388/1273/100 455/1272/99
f 457/1276/105 394/1277/106 391/1275/103 456/1274/102
f 458/1278/108 397/1279/109 394/1277/106 457/1276/105
f 459/1280/111 400/1281/112 397/1279/109 458/1278/108
f 460/1282/114 403/1283/115 400/1281/112 459/1280/111
f 461/1284/117 406/1285/250 403/1286/115 460/1287/114
f 462/1288/150 409/1289/252 406/1285/250 461/1284/117
f 463/1290/123 412/1291/253 409/1289/252 462/1288/150
f 464/1292/126 415/1293/254 412/1291/253 463/1290/123
f 465/1294/129 418/1295/256 415/1293/254 464/1292/126
f 466/1296/132 421/1297/133 418/1295/256 465/1294/129
f 467/1298/135 424/1299/136 421/1297/133 466/1296/132
f 468/1300/138 427/1301/139 424/1299/136 467/1298/135
f 469/1302/141 430/1303/142 427/1304/139 468/1305/138
f 470/1207/144 433/1206/145 430/1303/142 469/1302/141
f 434/1306/146 336/1051/43 340/1054/46 471/1307/153
f 431/1308/143 434/1306/146 471/1307/153 473/1309/154
f 473/1309/154 471/1307/153 472/1310/258 474/1311/156
f 471/1307/153 340/1054/46 534/1064/53 472/1310/258
f 475/1312/157 473/1309/154 474/1311/156 476/1313/158
f 428/1314/140 431/1308/143 473/1309/154 475/1312/157
f 477/1315/159 475/1312/157 476/1313/158 478/1316/259
f 425/1317/137 428/1314/140 475/1312/157 477/1315/159
f 479/1318/161 477/1315/159 478/1316/259 480/1319/162
f 422/1320/134 425/1317/137 477/1315/159 479/1318/161
f 481/1321/163 479/1318/161 480/1319/162 482/1322/260
f 419/1323/131 422/1320/134 479/1318/161 481/1321/163
f 483/1324/165 481/1321/163 482/1322/260 484/1325/166
f 416/1326/255 419/1323/131 481/1321/163 483/1324/165
f 485/1327/261 483/1324/165 484/1325/166 486/1328/262
f 413/1329/125 416/1326/255 483/1324/165 485/1327/261
f 487/1330/169 485/1327/261 486/1328/262 488/1331/170
f 410/1332/122 413/1329/125 485/1327/261 487/1330/169
f 489/1333/171 487/1330/169 488/1331/170 490/1334/263
f 407/1335/119 410/1332/122 487/1330/169 489/1333/171
f 491/1336/173 489/1333/171 490/1334/263 492/1337/174
f 404/1338/116 407/1335/119 489/1333/171 491/1336/173
f 493/1339/175 491/1336/173 492/1337/174 494/1340/176
f 401/1341/113 404/1338/116 491/1336/173 493/1339/175
f 495/1342/177 493/1339/175 494/1340/176 496/1343/178
f 398/1344/110 401/1341/113 493/1339/175 495/1342/177
f 497/1345/179 495/1342/177 496/1343/178 498/1346/180
f 395/1347/107 398/1344/110 495/1342/177 497/1345/179
f 499/1348/181 497/1345/179 498/1346/180 500/1349/264
f 392/1350/104 395/1347/107 497/1345/179 499/1348/181
f 501/1351/183 499/1348/181 500/1349/264 502/1352/184
f 389/1353/249 392/1350/104 499/1348/181 501/1351/183
f 503/1354/185 501/1351/183 502/1352/184 504/1355/186
f 386/1356/98 389/1353/249 501/1351/183 503/1354/185
f 505/1357/187 503/1354/185 504/1355/186 506/1358/265
f 383/1359/95 386/1356/98 503/1354/185 505/1357/187
f 507/1360/189 505/1357/187 506/1358/265 508/1361/190
f 380/1362/92 383/1359/95 505/1357/187 507/1360/189
f 509/1363/191 507/1360/189 508/1361/190 510/1364/192
f 377/1365/89 380/1362/92 507/1360/189 509/1363/191
f 511/1366/193 509/1363/191 510/1364/192 512/1367/266
f 374/1368/86 377/1365/89 509/1363/191 511/1366/193
f 513/1369/267 511/1366/193 512/1367/266 514/1370/268
f 371/1371/245 374/1368/86 511/1366/193 513/1369/267
f 515/1372/269 513/1369/267 514/1370/268 516/1373/270
f 368/1374/244 371/1371/245 513/1369/267 515/1372/269
f 517/1375/199 515/1372/269 516/1373/270 518/1376/271
f 365/1377/77 368/1374/244 515/1372/269 517/1375/199
f 519/1378/272 517/1375/199 518/1376/271 520/1379/273
f 362/1380/243 365/1377/77 517/1375/199 519/1378/272
f 521/1381/203 519/1378/272 520/1379/273 522/1382/274
f 359/1383/71 362/1380/243 519/1378/272 521/1381/203
f 523/1384/205 521/1381/203 522/1382/274 524/1385/206
f 356/1386/68 359/1383/71 521/1381/203 523/1384/205
f 346/1069/58 523/1384/205 524/1385/206 525/1070/59
f 348/1071/60 356/1386/68 523/1384/205 346/1069/58
f 524/1387/206 522/1388/274 527/1389/207 526/1390/208
f 525/1391/59 524/1392/206 526/1393/208 528/1394/209
f 532/1395/210 531/1396/275 530/1397/212 529/1398/213 528/1399/209 526/1400/208 527/1401/207 558/1402/214 557/1403/276 556/1404/216 555/1405/217 554/1406/218 553/1407/219 552/1408/220 551/1409/277 550/1410/278 549/1411/223 548/1412/224 547/1413/225 546/1414/226 545/1415/227 544/1416/228 543/1417/279 542/1418/280 541/1419/281 540/1420/232 539/1421/233 538/1422/234 537/1423/235 536/1424/236 535/1425/237 533/1426/238
f 345/1427/239 525/1391/59 528/1394/209 529/1428/213
f 343/1429/54 345/1427/239 529/1428/213 530/1430/212
f 341/1431/52 343/1429/54 530/1430/212 531/1432/275
f 534/1433/53 341/1431/52 531/1432/275 532/1434/210
f 472/1435/258 534/1433/53 532/1434/210 533/1436/238
f 474/1437/156 472/1435/258 533/1436/238 535/1438/237
f 476/1439/158 474/1437/156 535/1438/237 536/1440/236
f 478/1441/259 476/1442/158 536/1443/236 537/1444/235
f 480/1445/162 478/1441/259 537/1444/235 538/1446/234
f 482/1447/260 480/1445/162 538/1446/234 539/1448/233
f 484/1449/166 482/1447/260 539/1448/233 540/1450/232
f 486/1451/262 484/1449/166 540/1450/232 541/1452/281
f 488/1453/170 486/1451/262 541/1452/281 542/1454/280
f 490/1455/263 488/1453/170 542/1454/280 543/1456/279
f 492/1457/174 490/1455/263 543/1456/279 544/1458/228
f 494/1459/176 492/1460/174 544/1461/228 545/1462/227
f 496/1463/178 494/1459/176 545/1462/227 546/1464/226
f 498/1465/180 496/1463/178 546/1464/226 547/1466/225
f 500/1467/264 498/1465/180 547/1466/225 548/1468/224
f 502/1469/184 500/1467/264 548/1468/224 549/1470/223
f 504/1471/186 502/1469/184 549/1470/223 550/1472/278
f 506/1473/265 504/1471/186 550/1472/278 551/1474/277
f 508/1475/190 506/1476/265 551/1477/277 552/1478/220
f 510/1479/192 508/1475/190 552/1478/220 553/1480/219
f 512/1481/266 510/1479/192 553/1480/219 554/1482/218
f 514/1483/268 512/1481/266 554/1482/218 555/1484/217
f 516/1485/270 514/1486/268 555/1487/217 556/1488/216
f 518/1489/271 516/1485/270 556/1488/216 557/1490/276
f 520/1491/273 518/1489/271 557/1490/276 558/1492/214
f 522/1388/274 520/1491/273 558/1492/214 527/1389/207
f 614/1493/43 613/1494/44 617/1495/45 618/1496/46
f 615/1497/47 613/1498/44 614/1499/43 713/1500/48
f 629/1501/49 616/1502/50 613/1498/44 615/1497/47
f 613/1494/44 616/1503/50 620/1504/51 617/1495/45
f 618/1496/46 617/1495/45 619/1505/52 812/1506/53
f 617/1495/45 620/1504/51 621/1507/54 619/1505/52
f 620/1504/51 622/1508/55 623/1509/56 621/1507/54
f 616/1503/50 625/1510/57 622/1508/55 620/1504/51
f 622/1508/55 624/1511/58 803/1512/59 623/1509/56
f 625/1510/57 626/1513/60 624/1511/58 622/1508/55
f 630/1514/61 626/1515/60 625/1516/57 627/1517/62
f 627/1517/62 625/1516/57 616/1502/50 629/1501/49
f 627/1518/62 629/1519/49 718/1520/1 628/1521/1
f 630/1522/61 627/1518/62 628/1521/1 631/1523/1
f 632/1524/66 630/1522/61 631/1523/1 633/1525/1
f 632/1526/66 634/1527/68 626/1515/60 630/1514/61
f 635/1528/69 632/1524/66 633/1525/1 636/1529/1
f 635/1530/69 637/1531/71 634/1532/68 632/1533/66
f 638/1534/72 635/1528/69 636/1529/1 639/1535/1
f 638/1536/72 640/1537/74 637/1531/71 635/1530/69
f 641/1538/75 638/1534/72 639/1535/1 642/1539/1
f 641/1540/75 643/1541/77 640/1537/74 638/1536/72
f 644/1542/78 641/1538/75 642/1539/1 645/1543/282
f 644/1544/78 646/1545/80 643/1541/77 641/1540/75
f 647/1546/81 644/1542/78 645/1543/282 648/1547/1
f 647/1548/81 649/1549/83 646/1545/80 644/1544/78
f 650/1550/84 647/1546/81 648/1547/1 651/1551/1
f 650/1552/84 652/1553/86 649/1549/83 647/1548/81
f 653/1554/87 650/1550/84 651/1551/1 654/1555/1
f 653/1556/87 655/1557/89 652/1553/86 650/1552/84
f 656/1558/90 653/1554/87 654/1555/1 657/1559/1
f 656/1560/90 658/1561/92 655/1557/89 653/1556/87
f 659/1562/93 656/1558/90 657/1559/1 660/1563/1
f 659/1564/93 661/1565/95 658/1566/92 656/1567/90
f 662/1568/96 659/1562/93 660/1563/1 663/1569/1
f 662/1570/96 664/1571/98 661/1565/95 659/1564/93
f 665/1572/99 662/1568/96 663/1569/1 666/1573/1
f 665/1574/99 667/1575/101 664/1571/98 662/1570/96
f 668/1576/102 665/1572/99 666/1573/1 669/1577/1
f 668/1578/102 670/1579/104 667/1575/101 665/1574/99
f 671/1580/105 668/1576/102 669/1577/1 672/1581/1
f 671/1582/105 673/1583/107 670/1579/104 668/1578/102
f 674/1584/108 671/1580/105 672/1581/1 675/1585/1
f 674/1586/108 676/1587/110 673/1583/107 671/1582/105
f 677/1588/111 674/1584/108 675/1585/1 678/1589/1
f 677/1590/111 679/1591/113 676/1587/110 674/1586/108
f 680/1592/114 677/1588/111 678/1589/1 681/1593/1
f 680/1594/114 682/1595/116 679/1591/113 677/1590/111
f 683/1596/117 680/1592/114 681/1593/1 684/1597/282
f 683/1598/117 685/1599/119 682/1600/116 680/1601/114
f 686/1602/120 683/1596/117 684/1597/282 687/1603/282
f 686/1604/120 688/1605/122 685/1599/119 683/1598/117
f 689/1606/123 686/1602/120 687/1603/282 690/1607/1
f 689/1608/123 691/1609/125 688/1605/122 686/1604/120
f 692/1610/126 689/1606/123 690/1607/1 693/1611/283
f 692/1612/126 694/1613/128 691/1609/125 689/1608/123
f 695/1614/129 692/1610/126 693/1611/283 696/1615/1
f 695/1616/129 697/1617/131 694/1613/128 692/1612/126
f 698/1618/132 695/1614/129 696/1615/1 699/1619/1
f 698/1620/132 700/1621/134 697/1617/131 695/1616/129
f 701/1622/135 698/1618/132 699/1619/1 702/1623/1
f 701/1624/135 703/1625/137 700/1621/134 698/1620/132
f 704/1626/138 701/1622/135 702/1623/1 705/1627/1
f 704/1628/138 706/1629/140 703/1625/137 701/1624/135
f 707/1630/141 704/1626/138 705/1627/1 708/1631/1
f 707/1632/141 709/1633/143 706/1634/140 704/1635/138
f 710/1636/144 707/1630/141 708/1631/1 711/1637/1
f 710/1638/144 712/1639/146 709/1633/143 707/1632/141
f 713/1640/48 710/1636/144 711/1637/1 714/1641/1
f 713/1500/48 614/1499/43 712/1639/146 710/1638/144
f 615/1642/47 713/1640/48 714/1641/1 716/1643/1
f 629/1519/49 615/1642/47 716/1643/1 718/1520/1
f 712/1644/146 614/1493/43 618/1496/46 749/1645/153
f 709/1646/143 712/1644/146 749/1645/153 751/1647/154
f 751/1647/154 749/1645/153 750/1648/155 752/1649/156
f 749/1645/153 618/1496/46 812/1506/53 750/1648/155
f 753/1650/157 751/1647/154 752/1649/156 754/1651/158
f 706/1652/140 709/1646/143 751/1647/154 753/1650/157
f 755/1653/159 753/1650/157 754/1651/158 756/1654/160
f 703/1655/137 706/1652/140 753/1650/157 755/1653/159
f 757/1656/161 755/1653/159 756/1654/160 758/1657/162
f 700/1658/134 703/1655/137 755/1653/159 757/1656/161
f 759/1659/163 757/1656/161 758/1657/162 760/1660/164
f 697/1661/131 700/1658/134 757/1656/161 759/1659/163
f 761/1662/165 759/1659/163 760/1660/164 762/1663/166
f 694/1664/128 697/1661/131 759/1659/163 761/1662/165
f 763/1665/167 761/1662/165 762/1663/166 764/1666/168
f 691/1667/125 694/1664/128 761/1662/165 763/1665/167
f 765/1668/169 763/1665/167 764/1666/168 766/1669/170
f 688/1670/122 691/1667/125 763/1665/167 765/1668/169
f 767/1671/171 765/1668/169 766/1669/170 768/1672/172
f 685/1673/119 688/1670/122 765/1668/169 767/1671/171
f 769/1674/173 767/1671/171 768/1672/172 770/1675/174
f 682/1676/116 685/1673/119 767/1671/171 769/1674/173
f 771/1677/175 769/1674/173 770/1675/174 772/1678/176
f 679/1679/113 682/1676/116 769/1674/173 771/1677/175
f 773/1680/177 771/1677/175 772/1678/176 774/1681/178
f 676/1682/110 679/1679/113 771/1677/175 773/1680/177
f 775/1683/179 773/1680/177 774/1681/178 776/1684/180
f 673/1685/107 676/1682/110 773/1680/177 775/1683/179
f 777/1686/181 775/1683/179 776/1684/180 778/1687/182
f 670/1688/104 673/1685/107 775/1683/179 777/1686/181
f 779/1689/183 777/1686/181 778/1687/182 780/1690/184
f 667/1691/101 670/1688/104 777/1686/181 779/1689/183
f 781/1692/185 779/1689/183 780/1690/184 782/1693/186
f 664/1694/98 667/1691/101 779/1689/183 781/1692/185
f 783/1695/187 781/1692/185 782/1693/186 784/1696/188
f 661/1697/95 664/1694/98 781/1692/185 783/1695/187
f 785/1698/189 783/1695/187 784/1696/188 786/1699/190
f 658/1700/92 661/1697/95 783/1695/187 785/1698/189
f 787/1701/191 785/1698/189 786/1699/190 788/1702/192
f 655/1703/89 658/1700/92 785/1698/189 787/1701/191
f 789/1704/193 787/1701/191 788/1702/192 790/1705/194
f 652/1706/86 655/1703/89 787/1701/191 789/1704/193
f 791/1707/195 789/1704/193 790/1705/194 792/1708/196
f 649/1709/83 652/1706/86 789/1704/193 791/1707/195
f 793/1710/197 791/1707/195 792/1708/196 794/1711/198
f 646/1712/80 649/1709/83 791/1707/195 793/1710/197
f 795/1713/199 793/1710/197 794/1711/198 796/1714/200
f 643/1715/77 646/1712/80 793/1710/197 795/1713/199
f 797/1716/201 795/1713/199 796/1714/200 798/1717/202
f 640/1718/74 643/1715/77 795/1713/199 797/1716/201
f 799/1719/203 797/1716/201 798/1717/202 800/1720/204
f 637/1721/71 640/1718/74 797/1716/201 799/1719/203
f 801/1722/205 799/1719/203 800/1720/204 802/1723/206
f 634/1724/68 637/1721/71 799/1719/203 801/1722/205
f 624/1511/58 801/1722/205 802/1723/206 803/1512/59
f 626/1513/60 634/1724/68 801/1722/205 624/1511/58
f 802/1725/206 800/1726/204 805/1727/207 804/1728/208
f 803/1729/59 802/1730/206 804/1731/208 806/1732/209
f 810/1733/210 809/1734/211 808/1735/212 807/1736/213 806/1737/209 804/1738/208 805/1739/207 836/1740/214 835/1741/215 834/1742/216 833/1743/217 832/1744/218 831/1745/219 830/1746/220 829/1747/221 828/1748/222 827/1749/223 826/1750/224 825/1751/225 824/1752/226 823/1753/227 822/1754/228 821/1755/229 820/1756/230 819/1757/231 818/1758/232 817/1759/233 816/1760/234 815/1761/235 814/1762/236 813/1763/237 811/1764/238
f 623/1765/56 803/1729/59 806/1732/209 807/1766/213
f 621/1767/54 623/1765/56 807/1766/213 808/1768/212
f 619/1769/52 621/1767/54 808/1768/212 809/1770/211
f 812/1771/53 619/1769/52 809/1770/211 810/1772/210
f 750/1773/155 812/1771/53 810/1772/210 811/1774/238
f 752/1775/156 750/1773/155 811/1774/238 813/1776/237
f 754/1777/158 752/1775/156 813/1776/237 814/1778/236
f 756/1779/160 754/1780/158 814/1781/236 815/1782/235
f 758/1783/162 756/1779/160 815/1782/235 816/1784/234
f 760/1785/164 758/1783/162 816/1784/234 817/1786/233
f 762/1787/166 760/1785/164 817/1786/233 818/1788/232
f 764/1789/168 762/1787/166 818/1788/232 819/1790/231
f 766/1791/170 764/1789/168 819/1790/231 820/1792/230
f 768/1793/172 766/1791/170 820/1792/230 821/1794/229
f 770/1795/174 768/1793/172 821/1794/229 822/1796/228
f 772/1797/176 770/1798/174 822/1799/228 823/1800/227
f 774/1801/178 772/1797/176 823/1800/227 824/1802/226
f 776/1803/180 774/1801/178 824/1802/226 825/1804/225
f 778/1805/182 776/1803/180 825/1804/225 826/1806/224
f 780/1807/184 778/1805/182 826/1806/224 827/1808/223
f 782/1809/186 780/1807/184 827/1808/223 828/1810/222
f 784/1811/188 782/1809/186 828/1810/222 829/1812/221
f 786/1813/190 784/1814/188 829/1815/221 830/1816/220
f 788/1817/192 786/1813/190 830/1816/220 831/1818/219
f 790/1819/194 788/1817/192 831/1818/219 832/1820/218
f 792/1821/196 790/1819/194 832/1820/218 833/1822/217
f 794/1823/198 792/1824/196 833/1825/217 834/1826/216
f 796/1827/200 794/1823/198 834/1826/216 835/1828/215
f 798/1829/202 796/1827/200 835/1828/215 836/1830/214
f 800/1726/204 798/1829/202 836/1830/214 805/1727/207
f 948/1831/43 947/1832/44 951/1833/45 952/1834/46
f 949/1835/47 947/1836/44 948/1837/43 1047/1838/48
f 963/1839/49 950/1840/50 947/1836/44 949/1835/47
f 947/1832/44 950/1841/50 954/1842/51 951/1833/45
f 952/1834/46 951/1833/45 953/1843/52 1146/1844/53
f 951/1833/45 954/1842/51 955/1845/54 953/1843/52
f 954/1842/51 956/1846/55 957/1847/239 955/1845/54
f 950/1841/50 959/1848/57 956/1846/55 954/1842/51
f 956/1846/55 958/1849/58 1137/1850/59 957/1847/239
f 959/1848/57 960/1851/60 958/1849/58 956/1846/55
f 964/1852/61 960/1853/60 959/1854/57 961/1855/62
f 961/1855/62 959/1854/57 950/1840/50 963/1839/49
f 961/1856/62 963/1857/49 1052/1858/63 962/1859/64
f 964/1860/61 961/1856/62 962/1859/64 965/1861/65
f 966/1862/66 964/1860/61 965/1861/65 967/1863/67
f 966/1864/66 968/1865/68 960/1853/60 964/1852/61
f 969/1866/69 966/1862/66 967/1863/67 970/1867/240
f 969/1868/69 971/1869/71 968/1870/68 966/1871/66
f 972/1872/241 969/1866/69 970/1867/240 973/1873/242
f 972/1874/241 974/1875/243 971/1869/71 969/1868/69
f 975/1876/75 972/1872/241 973/1873/242 976/1877/76
f 975/1878/75 977/1879/77 974/1875/243 972/1874/241
f 978/1880/78 975/1876/75 976/1877/76 979/1881/79
f 978/1882/78 980/1883/244 977/1879/77 975/1878/75
f 981/1884/81 978/1880/78 979/1881/79 982/1885/82
f 981/1886/81 983/1887/245 980/1883/244 978/1882/78
f 984/1888/84 981/1884/81 982/1885/82 985/1889/246
f 984/1890/84 986/1891/86 983/1887/245 981/1886/81
f 987/1892/87 984/1888/84 985/1889/246 988/1893/247
f 987/1894/87 989/1895/89 986/1891/86 984/1890/84
f 990/1896/90 987/1892/87 988/1893/247 991/1897/248
f 990/1898/90 992/1899/92 989/1895/89 987/1894/87
f 993/1900/93 990/1896/90 991/1897/248 994/1901/94
f 993/1902/93 995/1903/95 992/1904/92 990/1905/90
f 996/1906/96 993/1900/93 994/1901/94 997/1907/97
f 996/1908/96 998/1909/98 995/1903/95 993/1902/93
f 999/1910/99 996/1906/96 997/1907/97 1000/1911/100
f 999/1912/99 1001/1913/249 998/1909/98 996/1908/96
f 1002/1914/102 999/1910/99 1000/1911/100 1003/1915/103
f 1002/1916/102 1004/1917/104 1001/1913/249 999/1912/99
f 1005/1918/105 1002/1914/102 1003/1915/103 1006/1919/106
f 1005/1920/105 1007/1921/107 1004/1917/104 1002/1916/102
f 1008/1922/108 1005/1918/105 1006/1919/106 1009/1923/109
f 1008/1924/108 1010/1925/110 1007/1921/107 1005/1920/105
f 1011/1926/111 1008/1922/108 1009/1923/109 1012/1927/112
f 1011/1928/111 1013/1929/113 1010/1925/110 1008/1924/108
f 1014/1930/114 1011/1926/111 1012/1927/112 1015/1931/115
f 1014/1932/114 1016/1933/116 1013/1929/113 1011/1928/111
f 1017/1934/117 1014/1930/114 1015/1931/115 1018/1935/250
f 1017/1936/117 1019/1937/119 1016/1938/116 1014/1939/114
f 1020/1940/251 1017/1934/117 1018/1935/250 1021/1941/252
f 1020/1942/251 1022/1943/122 1019/1937/119 1017/1936/117
f 1023/1944/123 1020/1940/251 1021/1941/252 1024/1945/253
f 1023/1946/123 1025/1947/125 1022/1943/122 1020/1942/251
f 1026/1948/126 1023/1944/123 1024/1945/253 1027/1949/254
f 1026/1950/126 1028/1951/255 1025/1947/125 1023/1946/123
f 1029/1952/129 1026/1948/126 1027/1949/254 1030/1953/256
f 1029/1954/129 1031/1955/131 1028/1951/255 1026/1950/126
f 1032/1956/132 1029/1952/129 1030/1953/256 1033/1957/133
f 1032/1958/132 1034/1959/134 1031/1955/131 1029/1954/129
f 1035/1960/135 1032/1956/132 1033/1957/133 1036/1961/136
f 1035/1962/135 1037/1963/137 1034/1959/134 1032/1958/132
f 1038/1964/138 1035/1960/135 1036/1961/136 1039/1965/139
f 1038/1966/138 1040/1967/140 1037/1963/137 1035/1962/135
f 1041/1968/141 1038/1964/138 1039/1965/139 1042/1969/142
f 1041/1970/141 1043/1971/143 1040/1972/140 1038/1973/138
f 1044/1974/144 1041/1968/141 1042/1969/142 1045/1975/145
f 1044/1976/144 1046/1977/146 1043/1971/143 1041/1970/141
f 1047/1978/48 1044/1974/144 1045/1975/145 1048/1979/147
f 1047/1838/48 948/1837/43 1046/1977/146 1044/1976/144
f 949/1980/47 1047/1978/48 1048/1979/147 1050/1981/148
f 1051/1982/47 1050/1983/148 1048/1984/147 1049/1985/48
f 1049/1985/48 1048/1984/147 1045/1986/145 1082/1987/144
f 963/1857/49 949/1980/47 1050/1981/148 1052/1858/63
f 1053/1988/49 1052/1989/63 1050/1983/148 1051/1982/47
f 1054/1990/62 962/1991/64 1052/1989/63 1053/1988/49
f 1051/1992/47 1049/1993/48 1082/1994/144 1081/1995/141 1080/1996/138 1079/1997/135 1078/1998/132 1077/1999/129 1076/2000/126 1075/2001/123 1074/2002/150 1073/2003/117 1072/2004/114 1071/2005/111 1070/2006/108 1069/2007/105 1068/2008/102 1067/2009/99 1066/2010/96 1065/2011/93 1064/2012/90 1063/2013/87 1062/2014/257 1061/2015/81 1060/2016/78 1059/2017/75 1058/2018/72 1057/2019/69 1056/2020/66 1055/2021/61 1054/2022/62 1053/2023/49
f 1055/2024/61 965/2025/65 962/1991/64 1054/1990/62
f 1056/2026/66 967/2027/67 965/2025/65 1055/2024/61
f 1057/2028/69 970/2029/240 967/2030/67 1056/2031/66
f 1058/2032/72 973/2033/242 970/2029/240 1057/2028/69
f 1059/2034/75 976/2035/76 973/2033/242 1058/2032/72
f 1060/2036/78 979/2037/79 976/2035/76 1059/2034/75
f 1061/2038/81 982/2039/82 979/2037/79 1060/2036/78
f 1062/2040/257 985/2041/246 982/2039/82 1061/2038/81
f 1063/2042/87 988/2043/247 985/2041/246 1062/2040/257
f 1064/2044/90 991/2045/248 988/2043/247 1063/2042/87
f 1065/2046/93 994/2047/94 991/2048/248 1064/2049/90
f 1066/2050/96 997/2051/97 994/2047/94 1065/2046/93
f 1067/2052/99 1000/2053/100 997/2051/97 1066/2050/96
f 1068/2054/102 1003/2055/103 1000/2053/100 1067/2052/99
f 1069/2056/105 1006/2057/106 1003/2055/103 1068/2054/102
f 1070/2058/108 1009/2059/109 1006/2057/106 1069/2056/105
f 1071/2060/111 1012/2061/112 1009/2059/109 1070/2058/108
f 1072/2062/114 1015/2063/115 1012/2061/112 1071/2060/111
f 1073/2064/117 1018/2065/250 1015/2066/115 1072/2067/114
f 1074/2068/150 1021/2069/252 1018/2065/250 1073/2064/117
f 1075/2070/123 1024/2071/253 1021/2069/252 1074/2068/150
f 1076/2072/126 1027/2073/254 1024/2071/253 1075/2070/123
f 1077/2074/129 1030/2075/256 1027/2073/254 1076/2072/126
f 1078/2076/132 1033/2077/133 1030/2075/256 1077/2074/129
f 1079/2078/135 1036/2079/136 1033/2077/133 1078/2076/132
f 1080/2080/138 1039/2081/139 1036/2079/136 1079/2078/135
f 1081/2082/141 1042/2083/142 1039/2084/139 1080/2085/138
f 1082/1987/144 1045/1986/145 1042/2083/142 1081/2082/141
f 1046/2086/146 948/1831/43 952/1834/46 1083/2087/153
f 1043/2088/143 1046/2086/146 1083/2087/153 1085/2089/154
f 1085/2089/154 1083/2087/153 1084/2090/258 1086/2091/156
f 1083/2087/153 952/1834/46 1146/1844/53 1084/2090/258
f 1087/2092/157 1085/2089/154 1086/2091/156 1088/2093/158
f 1040/2094/140 1043/2088/143 1085/2089/154 1087/2092/157
f 1089/2095/159 1087/2092/157 1088/2093/158 1090/2096/259
f 1037/2097/137 1040/2094/140 1087/2092/157 1089/2095/159
f 1091/2098/161 1089/2095/159 1090/2096/259 1092/2099/162
f 1034/2100/134 1037/2097/137 1089/2095/159 1091/2098/161
f 1093/2101/163 1091/2098/161 1092/2099/162 1094/2102/260
f 1031/2103/131 1034/2100/134 1091/2098/161 1093/2101/163
f 1095/2104/165 1093/2101/163 1094/2102/260 1096/2105/166
f 1028/2106/255 1031/2103/131 1093/2101/163 1095/2104/165
f 1097/2107/261 1095/2104/165 1096/2105/166 1098/2108/262
f 1025/2109/125 1028/2106/255 1095/2104/165 1097/2107/261
f 1099/2110/169 1097/2107/261 1098/2108/262 1100/2111/170
f 1022/2112/122 1025/2109/125 1097/2107/261 1099/2110/169
f 1101/2113/171 1099/2110/169 1100/2111/170 1102/2114/263
f 1019/2115/119 1022/2112/122 1099/2110/169 1101/2113/171
f 1103/2116/173 1101/2113/171 1102/2114/263 1104/2117/174
f 1016/2118/116 1019/2115/119 1101/2113/171 1103/2116/173
f 1105/2119/175 1103/2116/173 1104/2117/174 1106/2120/176
f 1013/2121/113 1016/2118/116 1103/2116/173 1105/2119/175
f 1107/2122/177 1105/2119/175 1106/2120/176 1108/2123/178
f 1010/2124/110 1013/2121/113 1105/2119/175 1107/2122/177
f 1109/2125/179 1107/2122/177 1108/2123/178 1110/2126/180
f 1007/2127/107 1010/2124/110 1107/2122/177 1109/2125/179
f 1111/2128/181 1109/2125/179 1110/2126/180 1112/2129/264
f 1004/2130/104 1007/2127/107 1109/2125/179 1111/2128/181
f 1113/2131/183 1111/2128/181 1112/2129/264 1114/2132/184
f 1001/2133/249 1004/2130/104 1111/2128/181 1113/2131/183
f 1115/2134/185 1113/2131/183 1114/2132/184 1116/2135/186
f 998/2136/98 1001/2133/249 1113/2131/183 1115/2134/185
f 1117/2137/187 1115/2134/185 1116/2135/186 1118/2138/265
f 995/2139/95 998/2136/98 1115/2134/185 1117/2137/187
f 1119/2140/189 1117/2137/187 1118/2138/265 1120/2141/190
f 992/2142/92 995/2139/95 1117/2137/187 1119/2140/189
f 1121/2143/191 1119/2140/189 1120/2141/190 1122/2144/192
f 989/2145/89 992/2142/92 1119/2140/189 1121/2143/191
f 1123/2146/193 1121/2143/191 1122/2144/192 1124/2147/266
f 986/2148/86 989/2145/89 1121/2143/191 1123/2146/193
f 1125/2149/267 1123/2146/193 1124/2147/266 1126/2150/268
f 983/2151/245 986/2148/86 1123/2146/193 1125/2149/267
f 1127/2152/269 1125/2149/267 1126/2150/268 1128/2153/270
f 980/2154/244 983/2151/245 1125/2149/267 1127/2152/269
f 1129/2155/199 1127/2152/269 1128/2153/270 1130/2156/271
f 977/2157/77 980/2154/244 1127/2152/269 1129/2155/199
f 1131/2158/272 1129/2155/199 1130/2156/271 1132/2159/273
f 974/2160/243 977/2157/77 1129/2155/199 1131/2158/272
f 1133/2161/203 1131/2158/272 1132/2159/273 1134/2162/274
f 971/2163/71 974/2160/243 1131/2158/272 1133/2161/203
f 1135/2164/205 1133/2161/203 1134/2162/274 1136/2165/206
f 968/2166/68 971/2163/71 1133/2161/203 1135/2164/205
f 958/1849/58 1135/2164/205 1136/2165/206 1137/1850/59
f 960/1851/60 968/2166/68 1135/2164/205 958/1849/58
f 1136/2167/206 1134/2168/274 1139/2169/207 1138/2170/208
f 1137/2171/59 1136/2172/206 1138/2173/208 1140/2174/209
f 1144/2175/210 1143/2176/275 1142/2177/212 1141/2178/213 1140/2179/209 1138/2180/208 1139/2181/207 1170/2182/214 1169/2183/276 1168/2184/216 1167/2185/217 1166/2186/218 1165/2187/219 1164/2188/220 1163/2189/277 1162/2190/278 1161/2191/223 1160/2192/224 1159/2193/225 1158/2194/226 1157/2195/227 1156/2196/228 1155/2197/279 1154/2198/280 1153/2199/281 1152/2200/232 1151/2201/233 1150/2202/234 1149/2203/235 1148/2204/236 1147/2205/237 1145/2206/238
f 957/2207/239 1137/2171/59 1140/2174/209 1141/2208/213
f 955/2209/54 957/2207/239 1141/2208/213 1142/2210/212
f 953/2211/52 955/2209/54 1142/2210/212 1143/2212/275
f 1146/2213/53 953/2211/52 1143/2212/275 1144/2214/210
f 1084/2215/258 1146/2213/53 1144/2214/210 1145/2216/238
f 1086/2217/156 1084/2215/258 1145/2216/238 1147/2218/237
f 1088/2219/158 1086/2217/156 1147/2218/237 1148/2220/236
f 1090/2221/259 1088/2222/158 1148/2223/236 1149/2224/235
f 1092/2225/162 1090/2221/259 1149/2224/235 1150/2226/234
f 1094/2227/260 1092/2225/162 1150/2226/234 1151/2228/233
f 1096/2229/166 1094/2227/260 1151/2228/233 1152/2230/232
f 1098/2231/262 1096/2229/166 1152/2230/232 1153/2232/281
f 1100/2233/170 1098/2231/262 1153/2232/281 1154/2234/280
f 1102/2235/263 1100/2233/170 1154/2234/280 1155/2236/279
f 1104/2237/174 1102/2235/263 1155/2236/279 1156/2238/228
f 1106/2239/176 1104/2240/174 1156/2241/228 1157/2242/227
f 1108/2243/178 1106/2239/176 1157/2242/227 1158/2244/226
f 1110/2245/180 1108/2243/178 1158/2244/226 1159/2246/225
f 1112/2247/264 1110/2245/180 1159/2246/225 1160/2248/224
f 1114/2249/184 1112/2247/264 1160/2248/224 1161/2250/223
f 1116/2251/186 1114/2249/184 1161/2250/223 1162/2252/278
f 1118/2253/265 1116/2251/186 1162/2252/278 1163/2254/277
f 1120/2255/190 1118/2256/265 1163/2257/277 1164/2258/220
f 1122/2259/192 1120/2255/190 1164/2258/220 1165/2260/219
f 1124/2261/266 1122/2259/192 1165/2260/219 1166/2262/218
f 1126/2263/268 1124/2261/266 1166/2262/218 1167/2264/217
f 1128/2265/270 1126/2266/268 1167/2267/217 1168/2268/216
f 1130/2269/271 1128/2265/270 1168/2268/216 1169/2270/276
f 1132/2271/273 1130/2269/271 1169/2270/276 1170/2272/214
f 1134/2168/274 1132/2271/273 1170/2272/214 1139/2169/207
f 1226/609/284 1230/612/285 1229/611/286 1225/610/287
f 1227/613/288 1325/616/289 1226/615/284 1225/614/287
f 1241/617/290 1227/613/288 1225/614/287 1228/618/291
f 1225/610/287 1229/611/286 1232/620/292 1228/619/291
f 1230/612/285 1424/622/293 1231/621/294 1229/611/286
f 1229/611/286 1231/621/294 1233/623/295 1232/620/292
f 1232/620/292 1233/623/295 1235/625/296 1234/624/297
f 1228/619/291 1232/620/292 1234/624/297 1237/626/298
f 1234/624/297 1235/625/296 1415/628/299 1236/627/300
f 1237/626/298 1234/624/297 1236/627/300 1238/629/301
f 1242/630/302 1239/633/303 1237/632/298 1238/631/301
f 1239/633/303 1241/617/290 1228/618/291 1237/632/298
f 1239/634/303 1240/637/304 1330/636/305 1241/635/290
f 1242/638/302 1243/639/306 1240/637/304 1239/634/303
f 1244/640/307 1245/641/308 1243/639/306 1242/638/302
f 1244/642/307 1242/630/302 1238/631/301 1246/643/309
f 1247/644/310 1248/645/311 1245/641/308 1244/640/307
f 1247/646/310 1244/649/307 1246/648/309 1249/647/312
f 1250/650/313 1251/651/314 1248/645/311 1247/644/310
f 1250/652/313 1247/646/310 1249/647/312 1252/653/315
f 1253/654/316 1254/655/317 1251/651/314 1250/650/313
f 1253/656/316 1250/652/313 1252/653/315 1255/657/318
f 1256/658/319 1257/659/320 1254/655/317 1253/654/316
f 1256/660/319 1253/656/316 1255/657/318 1258/661/321
f 1259/662/322 1260/663/323 1257/659/320 1256/658/319
f 1259/664/322 1256/660/319 1258/661/321 1261/665/324
f 1262/666/325 1263/667/326 1260/663/323 1259/662/322
f 1262/668/325 1259/664/322 1261/665/324 1264/669/327
f 1265/670/328 1266/671/329 1263/667/326 1262/666/325
f 1265/672/328 1262/668/325 1264/669/327 1267/673/330
f 1268/674/331 1269/675/332 1266/671/329 1265/670/328
f 1268/676/331 1265/672/328 1267/673/330 1270/677/333
f 1271/678/334 1272/679/335 1269/675/332 1268/674/331
f 1271/680/334 1268/683/331 1270/682/333 1273/681/336
f 1274/684/337 1275/685/338 1272/679/335 1271/678/334
f 1274/686/337 1271/680/334 1273/681/336 1276/687/339
f 1277/688/340 1278/689/341 1275/685/338 1274/684/337
f 1277/690/340 1274/686/337 1276/687/339 1279/691/342
f 1280/692/343 1281/693/344 1278/689/341 1277/688/340
f 1280/694/343 1277/690/340 1279/691/342 1282/695/345
f 1283/696/346 1284/697/347 1281/693/344 1280/692/343
f 1283/698/346 1280/694/343 1282/695/345 1285/699/348
f 1286/700/349 1287/701/350 1284/697/347 1283/696/346
f 1286/702/349 1283/698/346 1285/699/348 1288/703/351
f 1289/704/352 1290/705/353 1287/701/350 1286/700/349
f 1289/706/352 1286/702/349 1288/703/351 1291/707/354
f 1292/708/355 1293/709/356 1290/705/353 1289/704/352
f 1292/710/355 1289/706/352 1291/707/354 1294/711/357
f 1295/712/358 1296/713/359 1293/709/356 1292/708/355
f 1295/714/358 1292/717/355 1294/716/357 1297/715/360
f 1298/718/361 1299/719/362 1296/713/359 1295/712/358
f 1298/720/361 1295/714/358 1297/715/360 1300/721/363
f 1301/722/364 1302/723/365 1299/719/362 1298/718/361
f 1301/724/364 1298/720/361 1300/721/363 1303/725/366
f 1304/726/367 1305/727/368 1302/723/365 1301/722/364
f 1304/728/367 1301/724/364 1303/725/366 1306/729/369
f 1307/730/370 1308/731/371 1305/727/368 1304/726/367
f 1307/732/370 1304/728/367 1306/729/369 1309/733/372
f 1310/734/373 1311/735/374 1308/731/371 1307/730/370
f 1310/736/373 1307/732/370 1309/733/372 1312/737/375
f 1313/738/376 1314/739/377 1311/735/374 1310/734/373
f 1313/740/376 1310/736/373 1312/737/375 1315/741/378
f 1316/742/379 1317/743/380 1314/739/377 1313/738/376
f 1316/744/379 1313/740/376 1315/741/378 1318/745/381
f 1319/746/382 1320/747/383 1317/743/380 1316/742/379
f 1319/748/382 1316/751/379 1318/750/381 1321/749/384
f 1322/752/385 1323/753/386 1320/747/383 1319/746/382
f 1322/754/385 1319/748/382 1321/749/384 1324/755/387
f 1325/756/289 1326/757/388 1323/753/386 1322/752/385
f 1325/616/289 1322/754/385 1324/755/387 1226/615/284
f 1227/758/288 1328/759/389 1326/757/388 1325/756/289
f 1329/760/288 1327/763/289 1326/762/388 1328/761/389
f 1327/763/289 1360/765/390 1323/764/386 1326/762/388
f 1241/635/290 1330/636/305 1328/759/389 1227/758/288
f 1331/766/290 1329/760/288 1328/761/389 1330/767/305
f 1332/768/303 1331/766/290 1330/767/305 1240/769/304
f 1329/770/288 1331/801/290 1332/800/303 1333/799/302 1334/798/307 1335/797/310 1336/796/313 1337/795/316 1338/794/319 1339/793/322 1340/792/325 1341/791/328 1342/790/331 1343/789/334 1344/788/337 1345/787/340 1346/786/343 1347/785/346 1348/784/349 1349/783/352 1350/782/355 1351/781/358 1352/780/391 1353/779/364 1354/778/367 1355/777/370 1356/776/373 1357/775/376 1358/774/379 1359/773/382 1360/772/390 1327/771/289
f 1333/802/302 1332/768/303 1240/769/304 1243/803/306
f 1334/804/307 1333/802/302 1243/803/306 1245/805/308
f 1335/806/310 1334/809/307 1245/808/308 1248/807/311
f 1336/810/313 1335/806/310 1248/807/311 1251/811/314
f 1337/812/316 1336/810/313 1251/811/314 1254/813/317
f 1338/814/319 1337/812/316 1254/813/317 1257/815/320
f 1339/816/322 1338/814/319 1257/815/320 1260/817/323
f 1340/818/325 1339/816/322 1260/817/323 1263/819/326
f 1341/820/328 1340/818/325 1263/819/326 1266/821/329
f 1342/822/331 1341/820/328 1266/821/329 1269/823/332
f 1343/824/334 1342/827/331 1269/826/332 1272/825/335
f 1344/828/337 1343/824/334 1272/825/335 1275/829/338
f 1345/830/340 1344/828/337 1275/829/338 1278/831/341
f 1346/832/343 1345/830/340 1278/831/341 1281/833/344
f 1347/834/346 1346/832/343 1281/833/344 1284/835/347
f 1348/836/349 1347/834/346 1284/835/347 1287/837/350
f 1349/838/352 1348/836/349 1287/837/350 1290/839/353
f 1350/840/355 1349/838/352 1290/839/353 1293/841/356
f 1351/842/358 1350/845/355 1293/844/356 1296/843/359
f 1352/846/391 1351/842/358 1296/843/359 1299/847/362
f 1353/848/364 1352/846/391 1299/847/362 1302/849/365
f 1354/850/367 1353/848/364 1302/849/365 1305/851/368
f 1355/852/370 1354/850/367 1305/851/368 1308/853/371
f 1356/854/373 1355/852/370 1308/853/371 1311/855/374
f 1357/856/376 1356/854/373 1311/855/374 1314/857/377
f 1358/858/379 1357/856/376 1314/857/377 1317/859/380
f 1359/860/382 1358/863/379 1317/862/380 1320/861/383
f 1360/765/390 1359/860/382 1320/861/383 1323/764/386
f 1324/864/387 1361/865/392 1230/612/285 1226/609/284
f 1321/866/384 1363/867/393 1361/865/392 1324/864/387
f 1363/867/393 1364/869/394 1362/868/395 1361/865/392
f 1361/865/392 1362/868/395 1424/622/293 1230/612/285
f 1365/870/396 1366/871/397 1364/869/394 1363/867/393
f 1318/872/381 1365/870/396 1363/867/393 1321/866/384
f 1367/873/398 1368/874/399 1366/871/397 1365/870/396
f 1315/875/378 1367/873/398 1365/870/396 1318/872/381
f 1369/876/400 1370/877/401 1368/874/399 1367/873/398
f 1312/878/375 1369/876/400 1367/873/398 1315/875/378
f 1371/879/402 1372/880/403 1370/877/401 1369/876/400
f 1309/881/372 1371/879/402 1369/876/400 1312/878/375
f 1373/882/404 1374/883/405 1372/880/403 1371/879/402
f 1306/884/369 1373/882/404 1371/879/402 1309/881/372
f 1375/885/406 1376/886/407 1374/883/405 1373/882/404
f 1303/887/366 1375/885/406 1373/882/404 1306/884/369
f 1377/888/408 1378/889/409 1376/886/407 1375/885/406
f 1300/890/363 1377/888/408 1375/885/406 1303/887/366
f 1379/891/410 1380/892/411 1378/889/409 1377/888/408
f 1297/893/360 1379/891/410 1377/888/408 1300/890/363
f 1381/894/412 1382/895/413 1380/892/411 1379/891/410
f 1294/896/357 1381/894/412 1379/891/410 1297/893/360
f 1383/897/414 1384/898/415 1382/895/413 1381/894/412
f 1291/899/354 1383/897/414 1381/894/412 1294/896/357
f 1385/900/416 1386/901/417 1384/898/415 1383/897/414
f 1288/902/351 1385/900/416 1383/897/414 1291/899/354
f 1387/903/418 1388/904/419 1386/901/417 1385/900/416
f 1285/905/348 1387/903/418 1385/900/416 1288/902/351
f 1389/906/420 1390/907/421 1388/904/419 1387/903/418
f 1282/908/345 1389/906/420 1387/903/418 1285/905/348
f 1391/909/422 1392/910/423 1390/907/421 1389/906/420
f 1279/911/342 1391/909/422 1389/906/420 1282/908/345
f 1393/912/424 1394/913/425 1392/910/423 1391/909/422
f 1276/914/339 1393/912/424 1391/909/422 1279/911/342
f 1395/915/426 1396/916/427 1394/913/425 1393/912/424
f 1273/917/336 1395/915/426 1393/912/424 1276/914/339
f 1397/918/428 1398/919/429 1396/916/427 1395/915/426
f 1270/920/333 1397/918/428 1395/915/426 1273/917/336
f 1399/921/430 1400/922/431 1398/919/429 1397/918/428
f 1267/923/330 1399/921/430 1397/918/428 1270/920/333
f 1401/924/432 1402/925/433 1400/922/431 1399/921/430
f 1264/926/327 1401/924/432 1399/921/430 1267/923/330
f 1403/927/434 1404/928/435 1402/925/433 1401/924/432
f 1261/929/324 1403/927/434 1401/924/432 1264/926/327
f 1405/930/436 1406/931/437 1404/928/435 1403/927/434
f 1258/932/321 1405/930/436 1403/927/434 1261/929/324
f 1407/933/438 1408/934/439 1406/931/437 1405/930/436
f 1255/935/318 1407/933/438 1405/930/436 1258/932/321
f 1409/936/440 1410/937/441 1408/934/439 1407/933/438
f 1252/938/315 1409/936/440 1407/933/438 1255/935/318
f 1411/939/442 1412/940/443 1410/937/441 1409/936/440
f 1249/941/312 1411/939/442 1409/936/440 1252/938/315
f 1413/942/444 1414/943/445 1412/940/443 1411/939/442
f 1246/944/309 1413/942/444 1411/939/442 1249/941/312
f 1236/627/300 1415/628/299 1414/943/445 1413/942/444
f 1238/629/301 1236/627/300 1413/942/444 1246/944/309
f 1414/945/445 1416/948/446 1417/947/447 1412/946/443
f 1415/949/299 1418/952/448 1416/951/446 1414/950/445
f 1422/953/449 1423/984/450 1425/983/451 1426/982/452 1427/981/453 1428/980/454 1429/979/455 1430/978/456 1431/977/457 1432/976/458 1433/975/459 1434/974/460 1435/973/461 1436/972/462 1437/971/463 1438/970/464 1439/969/465 1440/968/466 1441/967/467 1442/966/468 1443/965/469 1444/964/470 1445/963/471 1446/962/472 1447/961/473 1448/960/474 1417/959/447 1416/958/446 1418/957/448 1419/956/475 1420/955/476 1421/954/477
f 1235/985/296 1419/986/475 1418/952/448 1415/949/299
f 1233/987/295 1420/988/476 1419/986/475 1235/985/296
f 1231/989/294 1421/990/477 1420/988/476 1233/987/295
f 1424/991/293 1422/992/449 1421/990/477 1231/989/294
f 1362/993/395 1423/994/450 1422/992/449 1424/991/293
f 1364/995/394 1425/996/451 1423/994/450 1362/993/395
f 1366/997/397 1426/998/452 1425/996/451 1364/995/394
f 1368/999/399 1427/1002/453 1426/1001/452 1366/1000/397
f 1370/1003/401 1428/1004/454 1427/1002/453 1368/999/399
f 1372/1005/403 1429/1006/455 1428/1004/454 1370/1003/401
f 1374/1007/405 1430/1008/456 1429/1006/455 1372/1005/403
f 1376/1009/407 1431/1010/457 1430/1008/456 1374/1007/405
f 1378/1011/409 1432/1012/458 1431/1010/457 1376/1009/407
f 1380/1013/411 1433/1014/459 1432/1012/458 1378/1011/409
f 1382/1015/413 1434/1016/460 1433/1014/459 1380/1013/411
f 1384/1017/415 1435/1020/461 1434/1019/460 1382/1018/413
f 1386/1021/417 1436/1022/462 1435/1020/461 1384/1017/415
f 1388/1023/419 1437/1024/463 1436/1022/462 1386/1021/417
f 1390/1025/421 1438/1026/464 1437/1024/463 1388/1023/419
f 1392/1027/423 1439/1028/465 1438/1026/464 1390/1025/421
f 1394/1029/425 1440/1030/466 1439/1028/465 1392/1027/423
f 1396/1031/427 1441/1032/467 1440/1030/466 1394/1029/425
f 1398/1033/429 1442/1036/468 1441/1035/467 1396/1034/427
f 1400/1037/431 1443/1038/469 1442/1036/468 1398/1033/429
f 1402/1039/433 1444/1040/470 1443/1038/469 1400/1037/431
f 1404/1041/435 1445/1042/471 1444/1040/470 1402/1039/433
f 1406/1043/437 1446/1046/472 1445/1045/471 1404/1044/435
f 1408/1047/439 1447/1048/473 1446/1046/472 1406/1043/437
f 1410/1049/441 1448/1050/474 1447/1048/473 1408/1047/439
f 1412/946/443 1417/947/447 1448/1050/474 1410/1049/441
f 1560/1051/284 1564/1054/285 1563/1053/286 1559/1052/287
f 1561/1055/288 1659/1058/289 1560/1057/284 1559/1056/287
f 1575/1059/290 1561/1055/288 1559/1056/287 1562/1060/291
f 1559/1052/287 1563/1053/286 1566/1062/292 1562/1061/291
f 1564/1054/285 1758/1064/293 1565/1063/294 1563/1053/286
f 1563/1053/286 1565/1063/294 1567/1065/295 1566/1062/292
f 1566/1062/292 1567/1065/295 1569/1067/478 1568/1066/479
f 1562/1061/291 1566/1062/292 1568/1066/479 1571/1068/298
f 1568/1066/479 1569/1067/478 1749/1070/480 1570/1069/300
f 1571/1068/298 1568/1066/479 1570/1069/300 1572/1071/301
f 1576/1072/302 1573/1075/303 1571/1074/298 1572/1073/301
f 1573/1075/303 1575/1059/290 1562/1060/291 1571/1074/298
f 1573/1076/303 1574/1079/304 1664/1078/305 1575/1077/290
f 1576/1080/302 1577/1081/481 1574/1079/304 1573/1076/303
f 1578/1082/307 1579/1083/308 1577/1081/481 1576/1080/302
f 1578/1084/307 1576/1072/302 1572/1073/301 1580/1085/482
f 1581/1086/310 1582/1087/483 1579/1083/308 1578/1082/307
f 1581/1088/310 1578/1091/307 1580/1090/482 1583/1089/312
f 1584/1092/484 1585/1093/314 1582/1087/483 1581/1086/310
f 1584/1094/484 1581/1088/310 1583/1089/312 1586/1095/485
f 1587/1096/316 1588/1097/317 1585/1093/314 1584/1092/484
f 1587/1098/316 1584/1094/484 1586/1095/485 1589/1099/486
f 1590/1100/319 1591/1101/320 1588/1097/317 1587/1096/316
f 1590/1102/319 1587/1098/316 1589/1099/486 1592/1103/487
f 1593/1104/322 1594/1105/323 1591/1101/320 1590/1100/319
f 1593/1106/322 1590/1102/319 1592/1103/487 1595/1107/488
f 1596/1108/325 1597/1109/489 1594/1105/323 1593/1104/322
f 1596/1110/325 1593/1106/322 1595/1107/488 1598/1111/327
f 1599/1112/328 1600/1113/329 1597/1109/489 1596/1108/325
f 1599/1114/328 1596/1110/325 1598/1111/327 1601/1115/330
f 1602/1116/331 1603/1117/332 1600/1113/329 1599/1112/328
f 1602/1118/331 1599/1114/328 1601/1115/330 1604/1119/333
f 1605/1120/334 1606/1121/335 1603/1117/332 1602/1116/331
f 1605/1122/334 1602/1125/331 1604/1124/333 1607/1123/336
f 1608/1126/337 1609/1127/338 1606/1121/335 1605/1120/334
f 1608/1128/337 1605/1122/334 1607/1123/336 1610/1129/339
f 1611/1130/340 1612/1131/341 1609/1127/338 1608/1126/337
f 1611/1132/340 1608/1128/337 1610/1129/339 1613/1133/342
f 1614/1134/343 1615/1135/344 1612/1131/341 1611/1130/340
f 1614/1136/343 1611/1132/340 1613/1133/342 1616/1137/345
f 1617/1138/346 1618/1139/347 1615/1135/344 1614/1134/343
f 1617/1140/346 1614/1136/343 1616/1137/345 1619/1141/348
f 1620/1142/349 1621/1143/350 1618/1139/347 1617/1138/346
f 1620/1144/349 1617/1140/346 1619/1141/348 1622/1145/351
f 1623/1146/352 1624/1147/353 1621/1143/350 1620/1142/349
f 1623/1148/352 1620/1144/349 1622/1145/351 1625/1149/354
f 1626/1150/355 1627/1151/356 1624/1147/353 1623/1146/352
f 1626/1152/355 1623/1148/352 1625/1149/354 1628/1153/357
f 1629/1154/358 1630/1155/359 1627/1151/356 1626/1150/355
f 1629/1156/358 1626/1159/355 1628/1158/357 1631/1157/360
f 1632/1160/391 1633/1161/362 1630/1155/359 1629/1154/358
f 1632/1162/391 1629/1156/358 1631/1157/360 1634/1163/363
f 1635/1164/364 1636/1165/490 1633/1161/362 1632/1160/391
f 1635/1166/364 1632/1162/391 1634/1163/363 1637/1167/366
f 1638/1168/367 1639/1169/491 1636/1165/490 1635/1164/364
f 1638/1170/367 1635/1166/364 1637/1167/366 1640/1171/492
f 1641/1172/370 1642/1173/371 1639/1169/491 1638/1168/367
f 1641/1174/370 1638/1170/367 1640/1171/492 1643/1175/372
f 1644/1176/373 1645/1177/493 1642/1173/371 1641/1172/370
f 1644/1178/373 1641/1174/370 1643/1175/372 1646/1179/494
f 1647/1180/376 1648/1181/377 1645/1177/493 1644/1176/373
f 1647/1182/376 1644/1178/373 1646/1179/494 1649/1183/378
f 1650/1184/379 1651/1185/380 1648/1181/377 1647/1180/376
f 1650/1186/379 1647/1182/376 1649/1183/378 1652/1187/381
f 1653/1188/382 1654/1189/383 1651/1185/380 1650/1184/379
f 1653/1190/382 1650/1193/379 1652/1192/381 1655/1191/384
f 1656/1194/385 1657/1195/495 1654/1189/383 1653/1188/382
f 1656/1196/385 1653/1190/382 1655/1191/384 1658/1197/387
f 1659/1198/289 1660/1199/388 1657/1195/495 1656/1194/385
f 1659/1058/289 1656/1196/385 1658/1197/387 1560/1057/284
f 1561/1200/288 1662/1201/389 1660/1199/388 1659/1198/289
f 1663/1202/288 1661/1205/289 1660/1204/388 1662/1203/389
f 1661/1205/289 1694/1207/390 1657/1206/495 1660/1204/388
f 1575/1077/290 1664/1078/305 1662/1201/389 1561/1200/288
f 1665/1208/290 1663/1202/288 1662/1203/389 1664/1209/305
f 1666/1210/303 1665/1208/290 1664/1209/305 1574/1211/304
f 1663/1212/288 1665/1243/290 1666/1242/303 1667/1241/302 1668/1240/307 1669/1239/310 1670/1238/484 1671/1237/316 1672/1236/319 1673/1235/322 1674/1234/496 1675/1233/328 1676/1232/331 1677/1231/334 1678/1230/337 1679/1229/340 1680/1228/343 1681/1227/346 1682/1226/349 1683/1225/352 1684/1224/355 1685/1223/358 1686/1222/391 1687/1221/364 1688/1220/367 1689/1219/370 1690/1218/373 1691/1217/376 1692/1216/379 1693/1215/382 1694/1214/390 1661/1213/289
f 1667/1244/302 1666/1210/303 1574/1211/304 1577/1245/481
f 1668/1246/307 1667/1244/302 1577/1245/481 1579/1247/308
f 1669/1248/310 1668/1251/307 1579/1250/308 1582/1249/483
f 1670/1252/484 1669/1248/310 1582/1249/483 1585/1253/314
f 1671/1254/316 1670/1252/484 1585/1253/314 1588/1255/317
f 1672/1256/319 1671/1254/316 1588/1255/317 1591/1257/320
f 1673/1258/322 1672/1256/319 1591/1257/320 1594/1259/323
f 1674/1260/496 1673/1258/322 1594/1259/323 1597/1261/489
f 1675/1262/328 1674/1260/496 1597/1261/489 1600/1263/329
f 1676/1264/331 1675/1262/328 1600/1263/329 1603/1265/332
f 1677/1266/334 1676/1269/331 1603/1268/332 1606/1267/335
f 1678/1270/337 1677/1266/334 1606/1267/335 1609/1271/338
f 1679/1272/340 1678/1270/337 1609/1271/338 1612/1273/341
f 1680/1274/343 1679/1272/340 1612/1273/341 1615/1275/344
f 1681/1276/346 1680/1274/343 1615/1275/344 1618/1277/347
f 1682/1278/349 1681/1276/346 1618/1277/347 1621/1279/350
f 1683/1280/352 1682/1278/349 1621/1279/350 1624/1281/353
f 1684/1282/355 1683/1280/352 1624/1281/353 1627/1283/356
f 1685/1284/358 1684/1287/355 1627/1286/356 1630/1285/359
f 1686/1288/391 1685/1284/358 1630/1285/359 1633/1289/362
f 1687/1290/364 1686/1288/391 1633/1289/362 1636/1291/490
f 1688/1292/367 1687/1290/364 1636/1291/490 1639/1293/491
f 1689/1294/370 1688/1292/367 1639/1293/491 1642/1295/371
f 1690/1296/373 1689/1294/370 1642/1295/371 1645/1297/493
f 1691/1298/376 1690/1296/373 1645/1297/493 1648/1299/377
f 1692/1300/379 1691/1298/376 1648/1299/377 1651/1301/380
f 1693/1302/382 1692/1305/379 1651/1304/380 1654/1303/383
f 1694/1207/390 1693/1302/382 1654/1303/383 1657/1206/495
f 1658/1306/387 1695/1307/392 1564/1054/285 1560/1051/284
f 1655/1308/384 1697/1309/393 1695/1307/392 1658/1306/387
f 1697/1309/393 1698/1311/394 1696/1310/395 1695/1307/392
f 1695/1307/392 1696/1310/395 1758/1064/293 1564/1054/285
f 1699/1312/396 1700/1313/397 1698/1311/394 1697/1309/393
f 1652/1314/381 1699/1312/396 1697/1309/393 1655/1308/384
f 1701/1315/398 1702/1316/497 1700/1313/397 1699/1312/396
f 1649/1317/378 1701/1315/398 1699/1312/396 1652/1314/381
f 1703/1318/400 1704/1319/401 1702/1316/497 1701/1315/398
f 1646/1320/494 1703/1318/400 1701/1315/398 1649/1317/378
f 1705/1321/402 1706/1322/498 1704/1319/401 1703/1318/400
f 1643/1323/372 1705/1321/402 1703/1318/400 1646/1320/494
f 1707/1324/404 1708/1325/405 1706/1322/498 1705/1321/402
f 1640/1326/492 1707/1324/404 1705/1321/402 1643/1323/372
f 1709/1327/406 1710/1328/499 1708/1325/405 1707/1324/404
f 1637/1329/366 1709/1327/406 1707/1324/404 1640/1326/492
f 1711/1330/408 1712/1331/500 1710/1328/499 1709/1327/406
f 1634/1332/363 1711/1330/408 1709/1327/406 1637/1329/366
f 1713/1333/410 1714/1334/501 1712/1331/500 1711/1330/408
f 1631/1335/360 1713/1333/410 1711/1330/408 1634/1332/363
f 1715/1336/412 1716/1337/413 1714/1334/501 1713/1333/410
f 1628/1338/357 1715/1336/412 1713/1333/410 1631/1335/360
f 1717/1339/502 1718/1340/415 1716/1337/413 1715/1336/412
f 1625/1341/354 1717/1339/502 1715/1336/412 1628/1338/357
f 1719/1342/416 1720/1343/503 1718/1340/415 1717/1339/502
f 1622/1344/351 1719/1342/416 1717/1339/502 1625/1341/354
f 1721/1345/418 1722/1346/419 1720/1343/503 1719/1342/416
f 1619/1347/348 1721/1345/418 1719/1342/416 1622/1344/351
f 1723/1348/420 1724/1349/421 1722/1346/419 1721/1345/418
f 1616/1350/345 1723/1348/420 1721/1345/418 1619/1347/348
f 1725/1351/422 1726/1352/423 1724/1349/421 1723/1348/420
f 1613/1353/342 1725/1351/422 1723/1348/420 1616/1350/345
f 1727/1354/424 1728/1355/425 1726/1352/423 1725/1351/422
f 1610/1356/339 1727/1354/424 1725/1351/422 1613/1353/342
f 1729/1357/426 1730/1358/504 1728/1355/425 1727/1354/424
f 1607/1359/336 1729/1357/426 1727/1354/424 1610/1356/339
f 1731/1360/428 1732/1361/429 1730/1358/504 1729/1357/426
f 1604/1362/333 1731/1360/428 1729/1357/426 1607/1359/336
f 1733/1363/430 1734/1364/505 1732/1361/429 1731/1360/428
f 1601/1365/330 1733/1363/430 1731/1360/428 1604/1362/333
f 1735/1366/432 1736/1367/506 1734/1364/505 1733/1363/430
f 1598/1368/327 1735/1366/432 1733/1363/430 1601/1365/330
f 1737/1369/434 1738/1370/507 1736/1367/506 1735/1366/432
f 1595/1371/488 1737/1369/434 1735/1366/432 1598/1368/327
f 1739/1372/436 1740/1373/437 1738/1370/507 1737/1369/434
f 1592/1374/487 1739/1372/436 1737/1369/434 1595/1371/488
f 1741/1375/438 1742/1376/439 1740/1373/437 1739/1372/436
f 1589/1377/486 1741/1375/438 1739/1372/436 1592/1374/487
f 1743/1378/440 1744/1379/508 1742/1376/439 1741/1375/438
f 1586/1380/485 1743/1378/440 1741/1375/438 1589/1377/486
f 1745/1381/442 1746/1382/443 1744/1379/508 1743/1378/440
f 1583/1383/312 1745/1381/442 1743/1378/440 1586/1380/485
f 1747/1384/444 1748/1385/509 1746/1382/443 1745/1381/442
f 1580/1386/482 1747/1384/444 1745/1381/442 1583/1383/312
f 1570/1069/300 1749/1070/480 1748/1385/509 1747/1384/444
f 1572/1071/301 1570/1069/300 1747/1384/444 1580/1386/482
f 1748/1387/509 1750/1390/446 1751/1389/447 1746/1388/443
f 1749/1391/480 1752/1394/448 1750/1393/446 1748/1392/509
f 1756/1395/449 1757/1426/450 1759/1425/451 1760/1424/452 1761/1423/510 1762/1422/511 1763/1421/455 1764/1420/456 1765/1419/512 1766/1418/513 1767/1417/514 1768/1416/460 1769/1415/515 1770/1414/462 1771/1413/463 1772/1412/464 1773/1411/465 1774/1410/516 1775/1409/467 1776/1408/517 1777/1407/518 1778/1406/470 1779/1405/471 1780/1404/472 1781/1403/519 1782/1402/474 1751/1401/447 1750/1400/446 1752/1399/448 1753/1398/475 1754/1397/476 1755/1396/520
f 1569/1427/478 1753/1428/475 1752/1394/448 1749/1391/480
f 1567/1429/295 1754/1430/476 1753/1428/475 1569/1427/478
f 1565/1431/294 1755/1432/520 1754/1430/476 1567/1429/295
f 1758/1433/293 1756/1434/449 1755/1432/520 1565/1431/294
f 1696/1435/395 1757/1436/450 1756/1434/449 1758/1433/293
f 1698/1437/394 1759/1438/451 1757/1436/450 1696/1435/395
f 1700/1439/397 1760/1440/452 1759/1438/451 1698/1437/394
f 1702/1441/497 1761/1444/510 1760/1443/452 1700/1442/397
f 1704/1445/401 1762/1446/511 1761/1444/510 1702/1441/497
f 1706/1447/498 1763/1448/455 1762/1446/511 1704/1445/401
f 1708/1449/405 1764/1450/456 1763/1448/455 1706/1447/498
f 1710/1451/499 1765/1452/512 1764/1450/456 1708/1449/405
f 1712/1453/500 1766/1454/513 1765/1452/512 1710/1451/499
f 1714/1455/501 1767/1456/514 1766/1454/513 1712/1453/500
f 1716/1457/413 1768/1458/460 1767/1456/514 1714/1455/501
f 1718/1459/415 1769/1462/515 1768/1461/460 1716/1460/413
f 1720/1463/503 1770/1464/462 1769/1462/515 1718/1459/415
f 1722/1465/419 1771/1466/463 1770/1464/462 1720/1463/503
f 1724/1467/421 1772/1468/464 1771/1466/463 1722/1465/419
f 1726/1469/423 1773/1470/465 1772/1468/464 1724/1467/421
f 1728/1471/425 1774/1472/516 1773/1470/465 1726/1469/423
f 1730/1473/504 1775/1474/467 1774/1472/516 1728/1471/425
f 1732/1475/429 1776/1478/517 1775/1477/467 1730/1476/504
f 1734/1479/505 1777/1480/518 1776/1478/517 1732/1475/429
f 1736/1481/506 1778/1482/470 1777/1480/518 1734/1479/505
f 1738/1483/507 1779/1484/471 1778/1482/470 1736/1481/506
f 1740/1485/437 1780/1488/472 1779/1487/471 1738/1486/507
f 1742/1489/439 1781/1490/519 1780/1488/472 1740/1485/437
f 1744/1491/508 1782/1492/474 1781/1490/519 1742/1489/439
f 1746/1388/443 1751/1389/447 1782/1492/474 1744/1491/508
f 1838/1493/284 1842/1496/285 1841/1495/286 1837/1494/287
f 1839/1497/288 1937/1500/289 1838/1499/284 1837/1498/287
f 1853/1501/290 1839/1497/288 1837/1498/287 1840/1502/291
f 1837/1494/287 1841/1495/286 1844/1504/292 1840/1503/291
f 1842/1496/285 2036/1506/293 1843/1505/294 1841/1495/286
f 1841/1495/286 1843/1505/294 1845/1507/295 1844/1504/292
f 1844/1504/292 1845/1507/295 1847/1509/296 1846/1508/297
f 1840/1503/291 1844/1504/292 1846/1508/297 1849/1510/298
f 1846/1508/297 1847/1509/296 2027/1512/299 1848/1511/300
f 1849/1510/298 1846/1508/297 1848/1511/300 1850/1513/301
f 1854/1514/302 1851/1517/303 1849/1516/298 1850/1515/301
f 1851/1517/303 1853/1501/290 1840/1502/291 1849/1516/298
f 1851/1518/303 1852/1521/14 1942/1520/14 1853/1519/290
f 1854/1522/302 1855/1523/14 1852/1521/14 1851/1518/303
f 1856/1524/307 1857/1525/14 1855/1523/14 1854/1522/302
f 1856/1526/307 1854/1514/302 1850/1515/301 1858/1527/309
f 1859/1528/310 1860/1529/14 1857/1525/14 1856/1524/307
f 1859/1530/310 1856/1533/307 1858/1532/309 1861/1531/312
f 1862/1534/313 1863/1535/14 1860/1529/14 1859/1528/310
f 1862/1536/313 1859/1530/310 1861/1531/312 1864/1537/315
f 1865/1538/316 1866/1539/14 1863/1535/14 1862/1534/313
f 1865/1540/316 1862/1536/313 1864/1537/315 1867/1541/318
f 1868/1542/319 1869/1543/14 1866/1539/14 1865/1538/316
f 1868/1544/319 1865/1540/316 1867/1541/318 1870/1545/321
f 1871/1546/322 1872/1547/14 1869/1543/14 1868/1542/319
f 1871/1548/322 1868/1544/319 1870/1545/321 1873/1549/324
f 1874/1550/325 1875/1551/14 1872/1547/14 1871/1546/322
f 1874/1552/325 1871/1548/322 1873/1549/324 1876/1553/327
f 1877/1554/328 1878/1555/14 1875/1551/14 1874/1550/325
f 1877/1556/328 1874/1552/325 1876/1553/327 1879/1557/330
f 1880/1558/331 1881/1559/14 1878/1555/14 1877/1554/328
f 1880/1560/331 1877/1556/328 1879/1557/330 1882/1561/333
f 1883/1562/334 1884/1563/14 1881/1559/14 1880/1558/331
f 1883/1564/334 1880/1567/331 1882/1566/333 1885/1565/336
f 1886/1568/337 1887/1569/14 1884/1563/14 1883/1562/334
f 1886/1570/337 1883/1564/334 1885/1565/336 1888/1571/339
f 1889/1572/340 1890/1573/14 1887/1569/14 1886/1568/337
f 1889/1574/340 1886/1570/337 1888/1571/339 1891/1575/342
f 1892/1576/343 1893/1577/14 1890/1573/14 1889/1572/340
f 1892/1578/343 1889/1574/340 1891/1575/342 1894/1579/345
f 1895/1580/346 1896/1581/14 1893/1577/14 1892/1576/343
f 1895/1582/346 1892/1578/343 1894/1579/345 1897/1583/348
f 1898/1584/349 1899/1585/14 1896/1581/14 1895/1580/346
f 1898/1586/349 1895/1582/346 1897/1583/348 1900/1587/351
f 1901/1588/352 1902/1589/14 1899/1585/14 1898/1584/349
f 1901/1590/352 1898/1586/349 1900/1587/351 1903/1591/354
f 1904/1592/355 1905/1593/14 1902/1589/14 1901/1588/352
f 1904/1594/355 1901/1590/352 1903/1591/354 1906/1595/357
f 1907/1596/358 1908/1597/14 1905/1593/14 1904/1592/355
f 1907/1598/358 1904/1601/355 1906/1600/357 1909/1599/360
f 1910/1602/361 1911/1603/14 1908/1597/14 1907/1596/358
f 1910/1604/361 1907/1598/358 1909/1599/360 1912/1605/363
f 1913/1606/364 1914/1607/14 1911/1603/14 1910/1602/361
f 1913/1608/364 1910/1604/361 1912/1605/363 1915/1609/366
f 1916/1610/367 1917/1611/14 1914/1607/14 1913/1606/364
f 1916/1612/367 1913/1608/364 1915/1609/366 1918/1613/369
f 1919/1614/370 1920/1615/14 1917/1611/14 1916/1610/367
f 1919/1616/370 1916/1612/367 1918/1613/369 1921/1617/372
f 1922/1618/373 1923/1619/14 1920/1615/14 1919/1614/370
f 1922/1620/373 1919/1616/370 1921/1617/372 1924/1621/375
f 1925/1622/376 1926/1623/14 1923/1619/14 1922/1618/373
f 1925/1624/376 1922/1620/373 1924/1621/375 1927/1625/378
f 1928/1626/379 1929/1627/14 1926/1623/14 1925/1622/376
f 1928/1628/379 1925/1624/376 1927/1625/378 1930/1629/381
f 1931/1630/382 1932/1631/14 1929/1627/14 1928/1626/379
f 1931/1632/382 1928/1635/379 1930/1634/381 1933/1633/384
f 1934/1636/385 1935/1637/14 1932/1631/14 1931/1630/382
f 1934/1638/385 1931/1632/382 1933/1633/384 1936/1639/387
f 1937/1640/289 1938/1641/14 1935/1637/14 1934/1636/385
f 1937/1500/289 1934/1638/385 1936/1639/387 1838/1499/284
f 1839/1642/288 1940/1643/14 1938/1641/14 1937/1640/289
f 1853/1519/290 1942/1520/14 1940/1643/14 1839/1642/288
f 1936/1644/387 1973/1645/392 1842/1496/285 1838/1493/284
f 1933/1646/384 1975/1647/393 1973/1645/392 1936/1644/387
f 1975/1647/393 1976/1649/394 1974/1648/395 1973/1645/392
f 1973/1645/392 1974/1648/395 2036/1506/293 1842/1496/285
f 1977/1650/396 1978/1651/397 1976/1649/394 1975/1647/393
f 1930/1652/381 1977/1650/396 1975/1647/393 1933/1646/384
f 1979/1653/398 1980/1654/399 1978/1651/397 1977/1650/396
f 1927/1655/378 1979/1653/398 1977/1650/396 1930/1652/381
f 1981/1656/400 1982/1657/401 1980/1654/399 1979/1653/398
f 1924/1658/375 1981/1656/400 1979/1653/398 1927/1655/378
f 1983/1659/402 1984/1660/403 1982/1657/401 1981/1656/400
f 1921/1661/372 1983/1659/402 1981/1656/400 1924/1658/375
f 1985/1662/404 1986/1663/405 1984/1660/403 1983/1659/402
f 1918/1664/369 1985/1662/404 1983/1659/402 1921/1661/372
f 1987/1665/406 1988/1666/407 1986/1663/405 1985/1662/404
f 1915/1667/366 1987/1665/406 1985/1662/404 1918/1664/369
f 1989/1668/408 1990/1669/409 1988/1666/407 1987/1665/406
f 1912/1670/363 1989/1668/408 1987/1665/406 1915/1667/366
f 1991/1671/410 1992/1672/411 1990/1669/409 1989/1668/408
f 1909/1673/360 1991/1671/410 1989/1668/408 1912/1670/363
f 1993/1674/412 1994/1675/413 1992/1672/411 1991/1671/410
f 1906/1676/357 1993/1674/412 1991/1671/410 1909/1673/360
f 1995/1677/414 1996/1678/415 1994/1675/413 1993/1674/412
f 1903/1679/354 1995/1677/414 1993/1674/412 1906/1676/357
f 1997/1680/416 1998/1681/417 1996/1678/415 1995/1677/414
f 1900/1682/351 1997/1680/416 1995/1677/414 1903/1679/354
f 1999/1683/418 2000/1684/419 1998/1681/417 1997/1680/416
f 1897/1685/348 1999/1683/418 1997/1680/416 1900/1682/351
f 2001/1686/420 2002/1687/421 2000/1684/419 1999/1683/418
f 1894/1688/345 2001/1686/420 1999/1683/418 1897/1685/348
f 2003/1689/422 2004/1690/423 2002/1687/421 2001/1686/420
f 1891/1691/342 2003/1689/422 2001/1686/420 1894/1688/345
f 2005/1692/424 2006/1693/425 2004/1690/423 2003/1689/422
f 1888/1694/339 2005/1692/424 2003/1689/422 1891/1691/342
f 2007/1695/426 2008/1696/427 2006/1693/425 2005/1692/424
f 1885/1697/336 2007/1695/426 2005/1692/424 1888/1694/339
f 2009/1698/428 2010/1699/429 2008/1696/427 2007/1695/426
f 1882/1700/333 2009/1698/428 2007/1695/426 1885/1697/336
f 2011/1701/430 2012/1702/431 2010/1699/429 2009/1698/428
f 1879/1703/330 2011/1701/430 2009/1698/428 1882/1700/333
f 2013/1704/432 2014/1705/433 2012/1702/431 2011/1701/430
f 1876/1706/327 2013/1704/432 2011/1701/430 1879/1703/330
f 2015/1707/434 2016/1708/435 2014/1705/433 2013/1704/432
f 1873/1709/324 2015/1707/434 2013/1704/432 1876/1706/327
f 2017/1710/436 2018/1711/437 2016/1708/435 2015/1707/434
f 1870/1712/321 2017/1710/436 2015/1707/434 1873/1709/324
f 2019/1713/438 2020/1714/439 2018/1711/437 2017/1710/436
f 1867/1715/318 2019/1713/438 2017/1710/436 1870/1712/321
f 2021/1716/440 2022/1717/441 2020/1714/439 2019/1713/438
f 1864/1718/315 2021/1716/440 2019/1713/438 1867/1715/318
f 2023/1719/442 2024/1720/443 2022/1717/441 2021/1716/440
f 1861/1721/312 2023/1719/442 2021/1716/440 1864/1718/315
f 2025/1722/444 2026/1723/445 2024/1720/443 2023/1719/442
f 1858/1724/309 2025/1722/444 2023/1719/442 1861/1721/312
f 1848/1511/300 2027/1512/299 2026/1723/445 2025/1722/444
f 1850/1513/301 1848/1511/300 2025/1722/444 1858/1724/309
f 2026/1725/445 2028/1728/446 2029/1727/447 2024/1726/443
f 2027/1729/299 2030/1732/448 2028/1731/446 2026/1730/445
f 2034/1733/449 2035/1764/450 2037/1763/451 2038/1762/452 2039/1761/453 2040/1760/454 2041/1759/455 2042/1758/456 2043/1757/457 2044/1756/458 2045/1755/459 2046/1754/460 2047/1753/461 2048/1752/462 2049/1751/463 2050/1750/464 2051/1749/465 2052/1748/466 2053/1747/467 2054/1746/468 2055/1745/469 2056/1744/470 2057/1743/471 2058/1742/472 2059/1741/473 2060/1740/474 2029/1739/447 2028/1738/446 2030/1737/448 2031/1736/475 2032/1735/476 2033/1734/477
f 1847/1765/296 2031/1766/475 2030/1732/448 2027/1729/299
f 1845/1767/295 2032/1768/476 2031/1766/475 1847/1765/296
f 1843/1769/294 2033/1770/477 2032/1768/476 1845/1767/295
f 2036/1771/293 2034/1772/449 2033/1770/477 1843/1769/294
f 1974/1773/395 2035/1774/450 2034/1772/449 2036/1771/293
f 1976/1775/394 2037/1776/451 2035/1774/450 1974/1773/395
f 1978/1777/397 2038/1778/452 2037/1776/451 1976/1775/394
f 1980/1779/399 2039/1782/453 2038/1781/452 1978/1780/397
f 1982/1783/401 2040/1784/454 2039/1782/453 1980/1779/399
f 1984/1785/403 2041/1786/455 2040/1784/454 1982/1783/401
f 1986/1787/405 2042/1788/456 2041/1786/455 1984/1785/403
f 1988/1789/407 2043/1790/457 2042/1788/456 1986/1787/405
f 1990/1791/409 2044/1792/458 2043/1790/457 1988/1789/407
f 1992/1793/411 2045/1794/459 2044/1792/458 1990/1791/409
f 1994/1795/413 2046/1796/460 2045/1794/459 1992/1793/411
f 1996/1797/415 2047/1800/461 2046/1799/460 1994/1798/413
f 1998/1801/417 2048/1802/462 2047/1800/461 1996/1797/415
f 2000/1803/419 2049/1804/463 2048/1802/462 1998/1801/417
f 2002/1805/421 2050/1806/464 2049/1804/463 2000/1803/419
f 2004/1807/423 2051/1808/465 2050/1806/464 2002/1805/421
f 2006/1809/425 2052/1810/466 2051/1808/465 2004/1807/423
f 2008/1811/427 2053/1812/467 2052/1810/466 2006/1809/425
f 2010/1813/429 2054/1816/468 2053/1815/467 2008/1814/427
f 2012/1817/431 2055/1818/469 2054/1816/468 2010/1813/429
f 2014/1819/433 2056/1820/470 2055/1818/469 2012/1817/431
f 2016/1821/435 2057/1822/471 2056/1820/470 2014/1819/433
f 2018/1823/437 2058/1826/472 2057/1825/471 2016/1824/435
f 2020/1827/439 2059/1828/473 2058/1826/472 2018/1823/437
f 2022/1829/441 2060/1830/474 2059/1828/473 2020/1827/439
f 2024/1726/443 2029/1727/447 2060/1830/474 2022/1829/441
f 2172/1831/284 2176/1834/285 2175/1833/286 2171/1832/287
f 2173/1835/288 2271/1838/289 2172/1837/284 2171/1836/287
f 2187/1839/290 2173/1835/288 2171/1836/287 2174/1840/291
f 2171/1832/287 2175/1833/286 2178/1842/292 2174/1841/291
f 2176/1834/285 2370/1844/293 2177/1843/294 2175/1833/286
f 2175/1833/286 2177/1843/294 2179/1845/295 2178/1842/292
f 2178/1842/292 2179/1845/295 2181/1847/478 2180/1846/479
f 2174/1841/291 2178/1842/292 2180/1846/479 2183/1848/298
f 2180/1846/479 2181/1847/478 2361/1850/480 2182/1849/300
f 2183/1848/298 2180/1846/479 2182/1849/300 2184/1851/301
f 2188/1852/302 2185/1855/303 2183/1854/298 2184/1853/301
f 2185/1855/303 2187/1839/290 2174/1840/291 2183/1854/298
f 2185/1856/303 2186/1859/304 2276/1858/305 2187/1857/290
f 2188/1860/302 2189/1861/481 2186/1859/304 2185/1856/303
f 2190/1862/307 2191/1863/308 2189/1861/481 2188/1860/302
f 2190/1864/307 2188/1852/302 2184/1853/301 2192/1865/482
f 2193/1866/310 2194/1867/483 2191/1863/308 2190/1862/307
f 2193/1868/310 2190/1871/307 2192/1870/482 2195/1869/312
f 2196/1872/484 2197/1873/314 2194/1867/483 2193/1866/310
f 2196/1874/484 2193/1868/310 2195/1869/312 2198/1875/485
f 2199/1876/316 2200/1877/317 2197/1873/314 2196/1872/484
f 2199/1878/316 2196/1874/484 2198/1875/485 2201/1879/486
f 2202/1880/319 2203/1881/320 2200/1877/317 2199/1876/316
f 2202/1882/319 2199/1878/316 2201/1879/486 2204/1883/487
f 2205/1884/322 2206/1885/323 2203/1881/320 2202/1880/319
f 2205/1886/322 2202/1882/319 2204/1883/487 2207/1887/488
f 2208/1888/325 2209/1889/489 2206/1885/323 2205/1884/322
f 2208/1890/325 2205/1886/322 2207/1887/488 2210/1891/327
f 2211/1892/328 2212/1893/329 2209/1889/489 2208/1888/325
f 2211/1894/328 2208/1890/325 2210/1891/327 2213/1895/330
f 2214/1896/331 2215/1897/332 2212/1893/329 2211/1892/328
f 2214/1898/331 2211/1894/328 2213/1895/330 2216/1899/333
f 2217/1900/334 2218/1901/335 2215/1897/332 2214/1896/331
f 2217/1902/334 2214/1905/331 2216/1904/333 2219/1903/336
f 2220/1906/337 2221/1907/338 2218/1901/335 2217/1900/334
f 2220/1908/337 2217/1902/334 2219/1903/336 2222/1909/339
f 2223/1910/340 2224/1911/341 2221/1907/338 2220/1906/337
f 2223/1912/340 2220/1908/337 2222/1909/339 2225/1913/342
f 2226/1914/343 2227/1915/344 2224/1911/341 2223/1910/340
f 2226/1916/343 2223/1912/340 2225/1913/342 2228/1917/345
f 2229/1918/346 2230/1919/347 2227/1915/344 2226/1914/343
f 2229/1920/346 2226/1916/343 2228/1917/345 2231/1921/348
f 2232/1922/349 2233/1923/350 2230/1919/347 2229/1918/346
f 2232/1924/349 2229/1920/346 2231/1921/348 2234/1925/351
f 2235/1926/352 2236/1927/353 2233/1923/350 2232/1922/349
f 2235/1928/352 2232/1924/349 2234/1925/351 2237/1929/354
f 2238/1930/355 2239/1931/356 2236/1927/353 2235/1926/352
f 2238/1932/355 2235/1928/352 2237/1929/354 2240/1933/357
f 2241/1934/358 2242/1935/359 2239/1931/356 2238/1930/355
f 2241/1936/358 2238/1939/355 2240/1938/357 2243/1937/360
f 2244/1940/391 2245/1941/362 2242/1935/359 2241/1934/358
f 2244/1942/391 2241/1936/358 2243/1937/360 2246/1943/363
f 2247/1944/364 2248/1945/490 2245/1941/362 2244/1940/391
f 2247/1946/364 2244/1942/391 2246/1943/363 2249/1947/366
f 2250/1948/367 2251/1949/491 2248/1945/490 2247/1944/364
f 2250/1950/367 2247/1946/364 2249/1947/366 2252/1951/492
f 2253/1952/370 2254/1953/371 2251/1949/491 2250/1948/367
f 2253/1954/370 2250/1950/367 2252/1951/492 2255/1955/372
f 2256/1956/373 2257/1957/493 2254/1953/371 2253/1952/370
f 2256/1958/373 2253/1954/370 2255/1955/372 2258/1959/494
f 2259/1960/376 2260/1961/377 2257/1957/493 2256/1956/373
f 2259/1962/376 2256/1958/373 2258/1959/494 2261/1963/378
f 2262/1964/379 2263/1965/380 2260/1961/377 2259/1960/376
f 2262/1966/379 2259/1962/376 2261/1963/378 2264/1967/381
f 2265/1968/382 2266/1969/383 2263/1965/380 2262/1964/379
f 2265/1970/382 2262/1973/379 2264/1972/381 2267/1971/384
f 2268/1974/385 2269/1975/495 2266/1969/383 2265/1968/382
f 2268/1976/385 2265/1970/382 2267/1971/384 2270/1977/387
f 2271/1978/289 2272/1979/388 2269/1975/495 2268/1974/385
f 2271/1838/289 2268/1976/385 2270/1977/387 2172/1837/284
f 2173/1980/288 2274/1981/389 2272/1979/388 2271/1978/289
f 2275/1982/288 2273/1985/289 2272/1984/388 2274/1983/389
f 2273/1985/289 2306/1987/390 2269/1986/495 2272/1984/388
f 2187/1857/290 2276/1858/305 2274/1981/389 2173/1980/288
f 2277/1988/290 2275/1982/288 2274/1983/389 2276/1989/305
f 2278/1990/303 2277/1988/290 2276/1989/305 2186/1991/304
f 2275/1992/288 2277/2023/290 2278/2022/303 2279/2021/302 2280/2020/307 2281/2019/310 2282/2018/484 2283/2017/316 2284/2016/319 2285/2015/322 2286/2014/496 2287/2013/328 2288/2012/331 2289/2011/334 2290/2010/337 2291/2009/340 2292/2008/343 2293/2007/346 2294/2006/349 2295/2005/352 2296/2004/355 2297/2003/358 2298/2002/391 2299/2001/364 2300/2000/367 2301/1999/370 2302/1998/373 2303/1997/376 2304/1996/379 2305/1995/382 2306/1994/390 2273/1993/289
f 2279/2024/302 2278/1990/303 2186/1991/304 2189/2025/481
f 2280/2026/307 2279/2024/302 2189/2025/481 2191/2027/308
f 2281/2028/310 2280/2031/307 2191/2030/308 2194/2029/483
f 2282/2032/484 2281/2028/310 2194/2029/483 2197/2033/314
f 2283/2034/316 2282/2032/484 2197/2033/314 2200/2035/317
f 2284/2036/319 2283/2034/316 2200/2035/317 2203/2037/320
f 2285/2038/322 2284/2036/319 2203/2037/320 2206/2039/323
f 2286/2040/496 2285/2038/322 2206/2039/323 2209/2041/489
f 2287/2042/328 2286/2040/496 2209/2041/489 2212/2043/329
f 2288/2044/331 2287/2042/328 2212/2043/329 2215/2045/332
f 2289/2046/334 2288/2049/331 2215/2048/332 2218/2047/335
f 2290/2050/337 2289/2046/334 2218/2047/335 2221/2051/338
f 2291/2052/340 2290/2050/337 2221/2051/338 2224/2053/341
f 2292/2054/343 2291/2052/340 2224/2053/341 2227/2055/344
f 2293/2056/346 2292/2054/343 2227/2055/344 2230/2057/347
f 2294/2058/349 2293/2056/346 2230/2057/347 2233/2059/350
f 2295/2060/352 2294/2058/349 2233/2059/350 2236/2061/353
f 2296/2062/355 2295/2060/352 2236/2061/353 2239/2063/356
f 2297/2064/358 2296/2067/355 2239/2066/356 2242/2065/359
f 2298/2068/391 2297/2064/358 2242/2065/359 2245/2069/362
f 2299/2070/364 2298/2068/391 2245/2069/362 2248/2071/490
f 2300/2072/367 2299/2070/364 2248/2071/490 2251/2073/491
f 2301/2074/370 2300/2072/367 2251/2073/491 2254/2075/371
f 2302/2076/373 2301/2074/370 2254/2075/371 2257/2077/493
f 2303/2078/376 2302/2076/373 2257/2077/493 2260/2079/377
f 2304/2080/379 2303/2078/376 2260/2079/377 2263/2081/380
f 2305/2082/382 2304/2085/379 2263/2084/380 2266/2083/383
f 2306/1987/390 2305/2082/382 2266/2083/383 2269/1986/495
f 2270/2086/387 2307/2087/392 2176/1834/285 2172/1831/284
f 2267/2088/384 2309/2089/393 2307/2087/392 2270/2086/387
f 2309/2089/393 2310/2091/394 2308/2090/395 2307/2087/392
f 2307/2087/392 2308/2090/395 2370/1844/293 2176/1834/285
f 2311/2092/396 2312/2093/397 2310/2091/394 2309/2089/393
f 2264/2094/381 2311/2092/396 2309/2089/393 2267/2088/384
f 2313/2095/398 2314/2096/497 2312/2093/397 2311/2092/396
f 2261/2097/378 2313/2095/398 2311/2092/396 2264/2094/381
f 2315/2098/400 2316/2099/401 2314/2096/497 2313/2095/398
f 2258/2100/494 2315/2098/400 2313/2095/398 2261/2097/378
f 2317/2101/402 2318/2102/498 2316/2099/401 2315/2098/400
f 2255/2103/372 2317/2101/402 2315/2098/400 2258/2100/494
f 2319/2104/404 2320/2105/405 2318/2102/498 2317/2101/402
f 2252/2106/492 2319/2104/404 2317/2101/402 2255/2103/372
f 2321/2107/406 2322/2108/499 2320/2105/405 2319/2104/404
f 2249/2109/366 2321/2107/406 2319/2104/404 2252/2106/492
f 2323/2110/408 2324/2111/500 2322/2108/499 2321/2107/406
f 2246/2112/363 2323/2110/408 2321/2107/406 2249/2109/366
f 2325/2113/410 2326/2114/501 2324/2111/500 2323/2110/408
f 2243/2115/360 2325/2113/410 2323/2110/408 2246/2112/363
f 2327/2116/412 2328/2117/413 2326/2114/501 2325/2113/410
f 2240/2118/357 2327/2116/412 2325/2113/410 2243/2115/360
f 2329/2119/502 2330/2120/415 2328/2117/413 2327/2116/412
f 2237/2121/354 2329/2119/502 2327/2116/412 2240/2118/357
f 2331/2122/416 2332/2123/503 2330/2120/415 2329/2119/502
f 2234/2124/351 2331/2122/416 2329/2119/502 2237/2121/354
f 2333/2125/418 2334/2126/419 2332/2123/503 2331/2122/416
f 2231/2127/348 2333/2125/418 2331/2122/416 2234/2124/351
f 2335/2128/420 2336/2129/421 2334/2126/419 2333/2125/418
f 2228/2130/345 2335/2128/420 2333/2125/418 2231/2127/348
f 2337/2131/422 2338/2132/423 2336/2129/421 2335/2128/420
f 2225/2133/342 2337/2131/422 2335/2128/420 2228/2130/345
f 2339/2134/424 2340/2135/425 2338/2132/423 2337/2131/422
f 2222/2136/339 2339/2134/424 2337/2131/422 2225/2133/342
f 2341/2137/426 2342/2138/504 2340/2135/425 2339/2134/424
f 2219/2139/336 2341/2137/426 2339/2134/424 2222/2136/339
f 2343/2140/428 2344/2141/429 2342/2138/504 2341/2137/426
f 2216/2142/333 2343/2140/428 2341/2137/426 2219/2139/336
f 2345/2143/430 2346/2144/505 2344/2141/429 2343/2140/428
f 2213/2145/330 2345/2143/430 2343/2140/428 2216/2142/333
f 2347/2146/432 2348/2147/506 2346/2144/505 2345/2143/430
f 2210/2148/327 2347/2146/432 2345/2143/430 2213/2145/330
f 2349/2149/434 2350/2150/507 2348/2147/506 2347/2146/432
f 2207/2151/488 2349/2149/434 2347/2146/432 2210/2148/327
f 2351/2152/436 2352/2153/437 2350/2150/507 2349/2149/434
f 2204/2154/487 2351/2152/436 2349/2149/434 2207/2151/488
f 2353/2155/438 2354/2156/439 2352/2153/437 2351/2152/436
f 2201/2157/486 2353/2155/438 2351/2152/436 2204/2154/487
f 2355/2158/440 2356/2159/508 2354/2156/439 2353/2155/438
f 2198/2160/485 2355/2158/440 2353/2155/438 2201/2157/486
f 2357/2161/442 2358/2162/443 2356/2159/508 2355/2158/440
f 2195/2163/312 2357/2161/442 2355/2158/440 2198/2160/485
f 2359/2164/444 2360/2165/509 2358/2162/443 2357/2161/442
f 2192/2166/482 2359/2164/444 2357/2161/442 2195/2163/312
f 2182/1849/300 2361/1850/480 2360/2165/509 2359/2164/444
f 2184/1851/301 2182/1849/300 2359/2164/444 2192/2166/482
f 2360/2167/509 2362/2170/446 2363/2169/447 2358/2168/443
f 2361/2171/480 2364/2174/448 2362/2173/446 2360/2172/509
f 2368/2175/449 2369/2206/450 2371/2205/451 2372/2204/452 2373/2203/510 2374/2202/511 2375/2201/455 2376/2200/456 2377/2199/512 2378/2198/513 2379/2197/514 2380/2196/460 2381/2195/515 2382/2194/462 2383/2193/463 2384/2192/464 2385/2191/465 2386/2190/516 2387/2189/467 2388/2188/517 2389/2187/518 2390/2186/470 2391/2185/471 2392/2184/472 2393/2183/519 2394/2182/474 2363/2181/447 2362/2180/446 2364/2179/448 2365/2178/475 2366/2177/476 2367/2176/520
f 2181/2207/478 2365/2208/475 2364/2174/448 2361/2171/480
f 2179/2209/295 2366/2210/476 2365/2208/475 2181/2207/478
f 2177/2211/294 2367/2212/520 2366/2210/476 2179/2209/295
f 2370/2213/293 2368/2214/449 2367/2212/520 2177/2211/294
f 2308/2215/395 2369/2216/450 2368/2214/449 2370/2213/293
f 2310/2217/394 2371/2218/451 2369/2216/450 2308/2215/395
f 2312/2219/397 2372/2220/452 2371/2218/451 2310/2217/394
f 2314/2221/497 2373/2224/510 2372/2223/452 2312/2222/397
f 2316/2225/401 2374/2226/511 2373/2224/510 2314/2221/497
f 2318/2227/498 2375/2228/455 2374/2226/511 2316/2225/401
f 2320/2229/405 2376/2230/456 2375/2228/455 2318/2227/498
f 2322/2231/499 2377/2232/512 2376/2230/456 2320/2229/405
f 2324/2233/500 2378/2234/513 2377/2232/512 2322/2231/499
f 2326/2235/501 2379/2236/514 2378/2234/513 2324/2233/500
f 2328/2237/413 2380/2238/460 2379/2236/514 2326/2235/501
f 2330/2239/415 2381/2242/515 2380/2241/460 2328/2240/413
f 2332/2243/503 2382/2244/462 2381/2242/515 2330/2239/415
f 2334/2245/419 2383/2246/463 2382/2244/462 2332/2243/503
f 2336/2247/421 2384/2248/464 2383/2246/463 2334/2245/419
f 2338/2249/423 2385/2250/465 2384/2248/464 2336/2247/421
f 2340/2251/425 2386/2252/516 2385/2250/465 2338/2249/423
f 2342/2253/504 2387/2254/467 2386/2252/516 2340/2251/425
f 2344/2255/429 2388/2258/517 2387/2257/467 2342/2256/504
f 2346/2259/505 2389/2260/518 2388/2258/517 2344/2255/429
f 2348/2261/506 2390/2262/470 2389/2260/518 2346/2259/505
f 2350/2263/507 2391/2264/471 2390/2262/470 2348/2261/506
f 2352/2265/437 2392/2268/472 2391/2267/471 2350/2266/507
f 2354/2269/439 2393/2270/519 2392/2268/472 2352/2265/437
f 2356/2271/508 2394/2272/474 2393/2270/519 2354/2269/439
f 2358/2168/443 2363/2169/447 2394/2272/474 2356/2271/508
usemtl Material.001
f 263/2273/7 266/2274/7 290/2275/7 264/2276/7
f 264/2277/15 302/2278/15 265/2279/15 263/2280/15
f 263/2281/14 265/2282/14 268/2283/14 267/2284/14
f 266/2285/14 263/2281/14 267/2284/14 269/2286/14
f 267/2287/521 268/2288/521 271/2289/521 270/2290/521
f 269/2291/522 267/2292/522 270/2293/522 272/2294/522
f 271/2295/14 273/2296/14 272/2297/14 270/2298/14
f 274/2299/523 269/2286/523 272/2297/523 273/2296/523
f 268/2300/524 274/2301/524 273/2302/524 271/2303/524
f 265/2282/14 275/2304/14 274/2299/14 268/2283/14
f 275/2304/14 266/2285/14 269/2286/14 274/2299/14
f 302/2305/11 277/2306/11 275/2307/11 265/2308/11
f 275/2304/14 276/2309/14 279/2310/14 278/2311/14
f 277/2306/11 294/2312/11 276/2313/11 275/2307/11
f 266/2285/14 275/2304/14 278/2311/14 280/2314/14
f 278/2315/524 279/2316/524 282/2317/524 281/2318/524
f 280/2319/521 278/2320/521 281/2321/521 283/2322/521
f 281/2323/14 282/2324/14 284/2325/14 283/2326/14
f 285/2327/525 280/2328/525 283/2329/525 284/2330/525
f 279/2310/523 285/2331/523 284/2325/523 282/2324/523
f 286/2332/14 266/2285/14 280/2314/14 285/2331/14
f 276/2309/14 286/2332/14 285/2331/14 279/2310/14
f 286/2333/7 287/2334/7 291/2335/7 289/2336/7
f 287/2337/14 286/2332/14 288/2338/14 296/2339/14
f 266/2274/7 286/2333/7 289/2336/7 290/2275/7
f 286/2332/14 276/2309/14 297/2340/14 288/2338/14
f 292/2341/16 291/2342/16 287/2343/16 293/2344/16
f 294/2312/11 292/2345/11 293/2346/11 276/2313/11
f 293/2347/14 287/2337/14 296/2339/14 295/2348/14
f 276/2309/14 293/2347/14 295/2348/14 297/2340/14
f 295/2348/523 296/2339/523 299/2349/523 298/2350/523
f 297/2351/524 295/2352/524 298/2353/524 300/2354/524
f 300/2355/14 298/2350/14 299/2349/14 301/2356/14
f 288/2357/526 297/2358/526 300/2359/526 301/2360/526
f 296/2361/522 288/2362/522 301/2363/522 299/2364/522
f 875/2365/7 878/2366/7 902/2367/7 876/2368/7
f 876/2369/15 914/2370/15 877/2371/15 875/2372/15
f 875/2373/14 877/2374/14 880/2375/14 879/2376/14
f 878/2377/14 875/2373/14 879/2376/14 881/2378/14
f 879/2379/521 880/2380/521 883/2381/521 882/2382/521
f 881/2383/522 879/2384/522 882/2385/522 884/2386/522
f 883/2387/14 885/2388/14 884/2389/14 882/2390/14
f 886/2391/523 881/2378/523 884/2389/523 885/2388/523
f 880/2392/524 886/2393/524 885/2394/524 883/2395/524
f 877/2374/14 887/2396/14 886/2391/14 880/2375/14
f 887/2396/14 878/2377/14 881/2378/14 886/2391/14
f 914/2397/11 889/2398/11 887/2399/11 877/2400/11
f 887/2396/14 888/2401/14 891/2402/14 890/2403/14
f 889/2398/11 906/2404/11 888/2405/11 887/2399/11
f 878/2377/14 887/2396/14 890/2403/14 892/2406/14
f 890/2407/524 891/2408/524 894/2409/524 893/2410/524
f 892/2411/521 890/2412/521 893/2413/521 895/2414/521
f 893/2415/14 894/2416/14 896/2417/14 895/2418/14
f 897/2419/525 892/2420/525 895/2421/525 896/2422/525
f 891/2402/523 897/2423/523 896/2417/523 894/2416/523
f 898/2424/14 878/2377/14 892/2406/14 897/2423/14
f 888/2401/14 898/2424/14 897/2423/14 891/2402/14
f 898/2425/7 899/2426/7 903/2427/7 901/2428/7
f 899/2429/14 898/2424/14 900/2430/14 908/2431/14
f 878/2366/7 898/2425/7 901/2428/7 902/2367/7
f 898/2424/14 888/2401/14 909/2432/14 900/2430/14
f 904/2433/16 903/2434/16 899/2435/16 905/2436/16
f 906/2404/11 904/2437/11 905/2438/11 888/2405/11
f 905/2439/14 899/2429/14 908/2431/14 907/2440/14
f 888/2401/14 905/2439/14 907/2440/14 909/2432/14
f 907/2440/523 908/2431/523 911/2441/523 910/2442/523
f 909/2443/524 907/2444/524 910/2445/524 912/2446/524
f 912/2447/14 910/2442/14 911/2441/14 913/2448/14
f 900/2449/526 909/2450/526 912/2451/526 913/2452/526
f 908/2453/522 900/2454/522 913/2455/522 911/2456/522
f 1487/2273/7 1488/2276/7 1514/2275/7 1490/2274/7
f 1488/2277/15 1487/2280/15 1489/2279/15 1526/2278/15
f 1487/2281/1 1491/2284/1 1492/2283/1 1489/2282/1
f 1490/2285/1 1493/2286/1 1491/2284/1 1487/2281/1
f 1491/2287/527 1494/2290/527 1495/2289/527 1492/2288/527
f 1493/2291/528 1496/2294/528 1494/2293/528 1491/2292/528
f 1495/2295/1 1494/2298/1 1496/2297/1 1497/2296/1
f 1498/2299/529 1497/2296/529 1496/2297/529 1493/2286/529
f 1492/2300/530 1495/2303/530 1497/2302/530 1498/2301/530
f 1489/2282/1 1492/2283/1 1498/2299/1 1499/2304/1
f 1499/2304/1 1498/2299/1 1493/2286/1 1490/2285/1
f 1526/2305/11 1489/2308/11 1499/2307/11 1501/2306/11
f 1499/2304/1 1502/2311/1 1503/2310/1 1500/2309/1
f 1501/2306/11 1499/2307/11 1500/2313/11 1518/2312/11
f 1490/2285/1 1504/2314/1 1502/2311/1 1499/2304/1
f 1502/2315/530 1505/2318/530 1506/2317/530 1503/2316/530
f 1504/2319/527 1507/2322/527 1505/2321/527 1502/2320/527
f 1505/2323/1 1507/2326/1 1508/2325/1 1506/2324/1
f 1509/2327/528 1508/2330/528 1507/2329/528 1504/2328/528
f 1503/2310/529 1506/2324/529 1508/2325/529 1509/2331/529
f 1510/2332/1 1509/2331/1 1504/2314/1 1490/2285/1
f 1500/2309/1 1503/2310/1 1509/2331/1 1510/2332/1
f 1510/2333/7 1513/2336/7 1515/2335/7 1511/2334/7
f 1511/2337/1 1520/2339/1 1512/2338/1 1510/2332/1
f 1490/2274/7 1514/2275/7 1513/2336/7 1510/2333/7
f 1510/2332/1 1512/2338/1 1521/2340/1 1500/2309/1
f 1516/2341/16 1517/2344/16 1511/2343/16 1515/2342/16
f 1518/2312/11 1500/2313/11 1517/2346/11 1516/2345/11
f 1517/2347/1 1519/2348/1 1520/2339/1 1511/2337/1
f 1500/2309/1 1521/2340/1 1519/2348/1 1517/2347/1
f 1519/2348/529 1522/2350/529 1523/2349/529 1520/2339/529
f 1521/2351/530 1524/2354/530 1522/2353/530 1519/2352/530
f 1524/2355/1 1525/2356/1 1523/2349/1 1522/2350/1
f 1512/2357/531 1525/2360/531 1524/2359/531 1521/2358/531
f 1520/2361/528 1523/2364/528 1525/2363/528 1512/2362/528
f 2099/2365/7 2100/2368/7 2126/2367/7 2102/2366/7
f 2100/2369/15 2099/2372/15 2101/2371/15 2138/2370/15
f 2099/2373/1 2103/2376/1 2104/2375/1 2101/2374/1
f 2102/2377/1 2105/2378/1 2103/2376/1 2099/2373/1
f 2103/2379/527 2106/2382/527 2107/2381/527 2104/2380/527
f 2105/2383/528 2108/2386/528 2106/2385/528 2103/2384/528
f 2107/2387/1 2106/2390/1 2108/2389/1 2109/2388/1
f 2110/2391/529 2109/2388/529 2108/2389/529 2105/2378/529
f 2104/2392/530 2107/2395/530 2109/2394/530 2110/2393/530
f 2101/2374/1 2104/2375/1 2110/2391/1 2111/2396/1
f 2111/2396/1 2110/2391/1 2105/2378/1 2102/2377/1
f 2138/2397/11 2101/2400/11 2111/2399/11 2113/2398/11
f 2111/2396/1 2114/2403/1 2115/2402/1 2112/2401/1
f 2113/2398/11 2111/2399/11 2112/2405/11 2130/2404/11
f 2102/2377/1 2116/2406/1 2114/2403/1 2111/2396/1
f 2114/2407/530 2117/2410/530 2118/2409/530 2115/2408/530
f 2116/2411/527 2119/2414/527 2117/2413/527 2114/2412/527
f 2117/2415/1 2119/2418/1 2120/2417/1 2118/2416/1
f 2121/2419/528 2120/2422/528 2119/2421/528 2116/2420/528
f 2115/2402/529 2118/2416/529 2120/2417/529 2121/2423/529
f 2122/2424/1 2121/2423/1 2116/2406/1 2102/2377/1
f 2112/2401/1 2115/2402/1 2121/2423/1 2122/2424/1
f 2122/2425/7 2125/2428/7 2127/2427/7 2123/2426/7
f 2123/2429/1 2132/2431/1 2124/2430/1 2122/2424/1
f 2102/2366/7 2126/2367/7 2125/2428/7 2122/2425/7
f 2122/2424/1 2124/2430/1 2133/2432/1 2112/2401/1
f 2128/2433/16 2129/2436/16 2123/2435/16 2127/2434/16
f 2130/2404/11 2112/2405/11 2129/2438/11 2128/2437/11
f 2129/2439/1 2131/2440/1 2132/2431/1 2123/2429/1
f 2112/2401/1 2133/2432/1 2131/2440/1 2129/2439/1
f 2131/2440/529 2134/2442/529 2135/2441/529 2132/2431/529
f 2133/2443/530 2136/2446/530 2134/2445/530 2131/2444/530
f 2136/2447/1 2137/2448/1 2135/2441/1 2134/2442/1
f 2124/2449/531 2137/2452/531 2136/2451/531 2133/2450/531
f 2132/2453/528 2135/2456/528 2137/2455/528 2124/2454/528
l 633 722
l 645 726
l 657 730
l 669 734
l 681 738
l 693 742
l 705 746
l 1857 1946
l 1869 1950
l 1881 1954
l 1893 1958
l 1905 1962
l 1917 1966
l 1929 1970
l 714 715
l 718 719
l 642 725
l 654 729
l 666 733
l 678 737
l 690 741
l 702 745
l 1938 1939
l 1942 1943
l 1866 1949
l 1878 1953
l 1890 1957
l 1902 1961
l 1914 1965
l 1926 1969
l 631 721
l 639 724
l 651 728
l 663 732
l 675 736
l 687 740
l 699 744
l 711 748
l 1855 1945
l 1863 1948
l 1875 1952
l 1887 1956
l 1899 1960
l 1911 1964
l 1923 1968
l 1935 1972
l 716 717
l 628 720
l 636 723
l 648 727
l 660 731
l 672 735
l 684 739
l 696 743
l 708 747
l 1940 1941
l 1852 1944
l 1860 1947
l 1872 1951
l 1884 1955
l 1896 1959
l 1908 1963
l 1920 1967
l 1932 1971
o door_rail_Cube.020
v -0.671526 2.133196 -3.958525
v -0.656364 2.124442 -3.958525
v -0.686689 2.124442 -3.958525
v -0.671526 2.133196 -3.930700
v -0.656364 2.124442 -3.930700
v -0.671526 2.130586 -3.928440
v -0.686689 2.124442 -3.930700
v -0.684428 2.123137 -3.928440
v -0.686689 2.106934 -3.930700
v -0.684428 2.108239 -3.928440
v -0.671526 2.098180 -3.930700
v -0.686689 2.106934 -3.958525
v -0.671526 2.098180 -3.958525
v -0.656364 2.106934 -3.958525
v -0.656364 2.106934 -3.930700
v -0.658624 2.108239 -3.928440
v -0.658624 2.123137 -3.928440
v -0.671526 2.100790 -3.928440
v -1.332334 2.072637 -3.947424
v -1.332334 2.072637 -3.980272
v -1.332334 2.156484 -3.947424
v -1.005240 2.072637 -3.947424
v -0.921986 2.072637 -3.947424
v -1.005240 2.072637 -3.980272
v -1.005240 2.156484 -3.947424
v -1.005240 2.072637 -3.848684
v -1.005240 2.156484 -3.848684
v -0.963613 2.072637 -3.863105
v -0.921986 2.072637 -3.848684
v -0.963613 2.156484 -3.863105
v -0.921986 2.156484 -3.848684
v -0.921986 2.156484 -3.947424
v 0.000314 2.156484 -3.947424
v -0.921986 2.156484 -3.980272
v -1.005240 2.156484 -3.980272
v -0.921986 2.072637 -3.980272
v -0.934474 2.143907 -3.980272
v 0.000315 2.156484 -3.980272
v 0.000314 2.072637 -3.980272
v 0.000315 2.072637 -3.947424
v -0.992752 2.143907 -3.980272
v -0.934474 2.085214 -3.980272
v -0.934474 2.143907 -4.146851
v -0.992752 2.143907 -4.146851
v -0.934474 2.085214 -4.146851
v -0.992752 2.085214 -4.146851
v -0.992752 2.085214 -3.980272
v -1.332334 2.156484 -3.980272
v 0.688962 2.133196 -3.958525
v 0.673799 2.124442 -3.958525
v 0.704124 2.124442 -3.958525
v 0.688962 2.133196 -3.930700
v 0.673799 2.124442 -3.930700
v 0.688962 2.130586 -3.928440
v 0.704124 2.124442 -3.930700
v 0.701864 2.123137 -3.928440
v 0.704124 2.106934 -3.930700
v 0.701864 2.108239 -3.928440
v 0.688962 2.098180 -3.930700
v 0.704124 2.106934 -3.958525
v 0.688962 2.098180 -3.958525
v 0.673799 2.106934 -3.958525
v 0.673799 2.106934 -3.930700
v 0.676059 2.108239 -3.928440
v 0.676059 2.123137 -3.928440
v 0.688962 2.100790 -3.928440
v 1.349769 2.072637 -3.947424
v 1.349769 2.072637 -3.980272
v 1.349769 2.156484 -3.947424
v 1.022675 2.072637 -3.947424
v 0.939421 2.072637 -3.947424
v 1.022676 2.072637 -3.980272
v 1.022676 2.156484 -3.947424
v 1.022675 2.072637 -3.848684
v 1.022676 2.156484 -3.848684
v 0.981048 2.072637 -3.863105
v 0.939421 2.072637 -3.848684
v 0.981048 2.156484 -3.863105
v 0.939421 2.156484 -3.848684
v 0.939421 2.156484 -3.947424
v 0.017121 2.156484 -3.947424
v 0.939421 2.156484 -3.980272
v 1.022675 2.156484 -3.980272
v 0.939421 2.072637 -3.980272
v 0.951909 2.143907 -3.980272
v 0.017121 2.156484 -3.980272
v 0.017121 2.072637 -3.980272
v 0.017121 2.072637 -3.947424
v 1.010187 2.143907 -3.980272
v 0.951910 2.085214 -3.980272
v 0.951909 2.143907 -4.146851
v 1.010187 2.143907 -4.146851
v 0.951910 2.085214 -4.146851
v 1.010187 2.085214 -4.146851
v 1.010187 2.085214 -3.980272
v 1.349769 2.156484 -3.980272
vn -0.0000 -1.0000 -0.0000
vn -0.0000 -0.0000 -1.0000
vn 0.5000 0.8660 -0.0000
vn -0.5000 0.8660 -0.0000
vn 0.3536 0.6124 0.7071
vn -0.3535 0.6123 0.7071
vn -0.7069 -0.0000 0.7073
vn -1.0000 -0.0000 -0.0000
vn -0.3535 -0.6123 0.7072
vn -0.5000 -0.8660 -0.0000
vn 0.5000 -0.8660 -0.0000
vn 1.0000 -0.0000 -0.0000
vn 0.3536 -0.6123 0.7071
vn 0.7071 -0.0000 0.7071
vn -0.0000 -0.0000 1.0000
vn 0.3273 -0.0000 0.9449
vn -0.3273 -0.0000 0.9449
vn -0.0000 1.0000 -0.0000
vn 0.3535 -0.6124 -0.7071
vn -0.3536 -0.6124 -0.7071
vn -0.7071 -0.0000 -0.7071
vn -0.3536 0.6123 -0.7071
vn 0.3536 0.6123 -0.7071
vn 0.7071 -0.0000 -0.7071
vn 0.3273 -0.0000 -0.9449
vn -0.3273 -0.0000 -0.9449
vt 0.246971 0.982718
vt 0.246971 0.995050
vt 0.216376 0.995049
vt 0.216376 0.982719
vt 0.495558 0.017281
vt 0.495558 0.004951
vt 0.573657 0.004950
vt 0.573657 0.017281
vt 0.944535 0.288793
vt 0.958658 0.282370
vt 0.972781 0.288793
vt 0.972781 0.301639
vt 0.958657 0.308062
vt 0.944535 0.301639
vt 0.970440 0.271006
vt 0.944523 0.271006
vt 0.944523 0.259881
vt 0.970440 0.259881
vt 0.970440 0.282130
vt 0.944523 0.282130
vt 0.946484 0.478228
vt 0.932361 0.484651
vt 0.932361 0.482736
vt 0.944379 0.477271
vt 0.918238 0.478228
vt 0.920344 0.477271
vt 0.918238 0.465382
vt 0.920344 0.466340
vt 0.800550 0.756735
vt 0.800550 0.777150
vt 0.784243 0.777150
vt 0.784243 0.756735
vt 0.932361 0.458959
vt 0.932361 0.460874
vt 0.972672 0.470067
vt 0.946755 0.470067
vt 0.946755 0.458942
vt 0.972672 0.458942
vt 0.972672 0.481192
vt 0.946755 0.481192
vt 0.968530 0.443393
vt 0.968530 0.422978
vt 0.984838 0.422978
vt 0.984838 0.443393
vt 0.946484 0.465382
vt 0.944379 0.466340
vt 0.246971 0.004950
vt 0.246971 0.244940
vt 0.216376 0.244940
vt 0.216376 0.004950
vt 0.944547 0.185268
vt 0.944547 0.123749
vt 0.975142 0.123749
vt 0.975142 0.185268
vt 0.811079 0.243590
vt 0.889178 0.243590
vt 0.889178 0.483580
vt 0.811079 0.483580
vt 0.216376 0.306024
vt 0.124405 0.306024
vt 0.137837 0.275482
vt 0.124405 0.244940
vt 0.246971 0.306024
vt 0.921511 0.608583
vt 0.999609 0.608583
vt 0.999609 0.681030
vt 0.921511 0.681030
vt 0.960281 0.681700
vt 0.960281 0.743219
vt 0.921508 0.743219
vt 0.921508 0.681700
vt 0.999054 0.681700
vt 0.999054 0.743219
vt 0.031208 0.306024
vt 0.031208 0.244940
vt 0.123179 0.244940
vt 0.109747 0.275482
vt 0.123179 0.306024
vt 0.810298 0.756270
vt 0.732199 0.756270
vt 0.732199 0.683824
vt 0.810297 0.683824
vt 0.731418 0.680140
vt 0.653319 0.680140
vt 0.653319 0.003445
vt 0.731417 0.003445
vt 0.000613 0.982719
vt 0.000613 0.306024
vt 0.031208 0.982718
vt 0.000613 0.244940
vt 0.495558 0.755060
vt 0.495558 0.693976
vt 0.507273 0.703138
vt 0.507273 0.745897
vt 0.573657 0.693976
vt 0.561943 0.703139
vt 0.944122 0.246272
vt 0.889840 0.246272
vt 0.889840 0.124053
vt 0.944122 0.124053
vt 0.810961 0.485391
vt 0.865631 0.485391
vt 0.865631 0.607610
vt 0.810962 0.607610
vt 0.975674 0.743742
vt 0.975674 0.786806
vt 0.921392 0.786806
vt 0.921392 0.743742
vt 0.944122 0.122830
vt 0.889840 0.122830
vt 0.889840 0.000611
vt 0.944122 0.000611
vt 0.920847 0.731051
vt 0.866178 0.731052
vt 0.866178 0.608832
vt 0.920847 0.608832
vt 0.573657 0.755060
vt 0.561943 0.745897
vt 0.573657 0.995049
vt 0.495558 0.995049
vt 0.000613 0.004950
vt 0.031208 0.004950
vt 0.917956 0.465382
vt 0.917956 0.478228
vt 0.903833 0.484651
vt 0.889709 0.478228
vt 0.889709 0.465382
vt 0.903832 0.458959
vt 0.757855 0.767869
vt 0.731938 0.767869
vt 0.731938 0.756744
vt 0.757855 0.756744
vt 0.757855 0.778994
vt 0.731938 0.778994
vt 0.903274 0.731791
vt 0.917397 0.738214
vt 0.915292 0.739171
vt 0.903274 0.733706
vt 0.917397 0.751060
vt 0.915292 0.750102
vt 0.968530 0.390850
vt 0.984838 0.390850
vt 0.983622 0.392509
vt 0.969745 0.392509
vt 0.984838 0.370435
vt 0.968530 0.370435
vt 0.903274 0.757483
vt 0.889151 0.751060
vt 0.891257 0.750102
vt 0.903274 0.755568
vt 0.784032 0.767869
vt 0.758114 0.767869
vt 0.758114 0.756744
vt 0.784032 0.756744
vt 0.784032 0.778994
vt 0.758114 0.778994
vt 0.968530 0.414803
vt 0.968530 0.394388
vt 0.984838 0.394388
vt 0.984838 0.414803
vt 0.889151 0.738214
vt 0.891256 0.739171
vt 0.969745 0.392730
vt 0.983622 0.392730
vt 0.248197 0.982657
vt 0.248197 0.742667
vt 0.278792 0.742667
vt 0.278792 0.982657
vt 0.975142 0.061615
vt 0.975142 0.123134
vt 0.944547 0.123134
vt 0.944547 0.061615
vt 0.811079 0.001200
vt 0.889178 0.001200
vt 0.889178 0.241190
vt 0.811079 0.241190
vt 0.278792 0.681583
vt 0.370763 0.681583
vt 0.357331 0.712125
vt 0.370763 0.742667
vt 0.248197 0.681584
vt 0.653319 0.696278
vt 0.731417 0.696278
vt 0.731417 0.768725
vt 0.653319 0.768725
vt 0.849849 0.793489
vt 0.849849 0.731970
vt 0.888622 0.731970
vt 0.888622 0.793489
vt 0.811076 0.793490
vt 0.811076 0.731970
vt 0.463960 0.681584
vt 0.463960 0.742667
vt 0.371989 0.742667
vt 0.385421 0.712125
vt 0.371989 0.681584
vt 0.968058 0.443133
vt 0.889959 0.443133
vt 0.889959 0.370687
vt 0.968058 0.370687
vt 0.810298 0.680078
vt 0.732199 0.680078
vt 0.732199 0.003383
vt 0.810298 0.003384
vt 0.494555 0.004889
vt 0.494555 0.681583
vt 0.463960 0.004889
vt 0.494555 0.742667
vt 0.574439 0.742667
vt 0.574439 0.681583
vt 0.586153 0.690746
vt 0.586153 0.733505
vt 0.652538 0.681584
vt 0.574438 0.004889
vt 0.652537 0.004889
vt 0.640823 0.690746
vt 0.248197 0.004889
vt 0.278792 0.004889
vt 0.944122 0.369713
vt 0.889840 0.369713
vt 0.889840 0.247494
vt 0.944122 0.247494
vt 0.810961 0.608832
vt 0.865631 0.608832
vt 0.865631 0.731051
vt 0.810961 0.731051
vt 0.944665 0.043279
vt 0.944665 0.000215
vt 0.998947 0.000215
vt 0.998947 0.043279
vt 0.975674 0.607610
vt 0.921392 0.607610
vt 0.921392 0.485391
vt 0.975674 0.485391
vt 0.920847 0.607610
vt 0.866178 0.607610
vt 0.866178 0.485391
vt 0.920847 0.485391
vt 0.652538 0.742667
vt 0.640823 0.733505
vt 0.652538 0.982657
vt 0.574439 0.982657
vt 0.494555 0.982657
vt 0.463960 0.982657
vt 0.975141 0.308498
vt 0.975141 0.370017
vt 0.944546 0.370017
vt 0.944546 0.308498
vt 0.975142 0.185884
vt 0.975142 0.247403
vt 0.944547 0.247403
vt 0.944547 0.185884
vt 0.653319 0.692471
vt 0.731418 0.692471
vt 0.031208 0.995050
vt 0.000613 0.995049
s 1
usemtl painting
f 2487/2457/532 2535/2458/532 2536/2459/532 2488/2460/532
f 2486/2461/533 2534/2462/533 2535/2463/533 2487/2464/533
usemtl metallic_black
f 2449/2465/533 2450/2466/533 2462/2467/533 2461/2468/533 2460/2469/533 2451/2470/533
f 2449/2471/534 2452/2472/534 2453/2473/534 2450/2474/534
f 2451/2475/535 2455/2476/535 2452/2472/535 2449/2471/535
f 2453/2477/536 2452/2478/536 2454/2479/536 2465/2480/536
f 2452/2478/537 2455/2481/537 2456/2482/537 2454/2479/537
f 2455/2481/538 2457/2483/538 2458/2484/538 2456/2482/538
f 2460/2485/539 2457/2486/539 2455/2487/539 2451/2488/539
f 2457/2483/540 2459/2489/540 2466/2490/540 2458/2484/540
f 2461/2491/541 2459/2492/541 2457/2493/541 2460/2494/541
f 2462/2495/542 2463/2496/542 2459/2492/542 2461/2491/542
f 2450/2497/543 2453/2498/543 2463/2499/543 2462/2500/543
f 2459/2489/544 2463/2501/544 2464/2502/544 2466/2490/544
f 2463/2501/545 2453/2477/545 2465/2480/545 2464/2502/545
f 2465/2480/546 2454/2479/546 2456/2482/546 2458/2484/546 2466/2490/546 2464/2502/546
f 2468/2503/532 2472/2504/532 2470/2505/532 2467/2506/532
f 2467/2507/539 2469/2508/539 2496/2509/539 2468/2510/539
f 2470/2511/546 2473/2512/546 2469/2513/546 2467/2514/546
f 2470/2505/532 2471/2515/532 2477/2516/532 2476/2517/532 2474/2518/532
f 2472/2504/532 2484/2519/532 2471/2515/532 2470/2505/532
f 2473/2520/539 2470/2521/539 2474/2522/539 2475/2523/539
f 2476/2524/547 2478/2525/547 2475/2526/547 2474/2527/547
f 2477/2528/548 2479/2529/548 2478/2525/548 2476/2524/548
f 2480/2530/549 2473/2531/549 2475/2532/549 2478/2533/549 2479/2534/549
f 2471/2535/543 2480/2536/543 2479/2537/543 2477/2538/543
f 2488/2539/546 2481/2540/546 2480/2541/546 2471/2542/546
f 2486/2543/549 2482/2544/549 2480/2530/549 2481/2545/549
f 2482/2544/549 2483/2546/549 2473/2531/549 2480/2530/549
f 2483/2547/533 2482/2548/533 2485/2549/533 2489/2550/533
f 2484/2551/533 2482/2548/533 2486/2461/533 2487/2464/533
f 2482/2548/533 2484/2551/533 2490/2552/533 2485/2549/533
f 2484/2519/532 2487/2457/532 2488/2460/532 2471/2515/532
f 2489/2553/549 2485/2554/549 2491/2555/549 2492/2556/549
f 2485/2557/543 2490/2558/543 2493/2559/543 2491/2560/543
f 2494/2561/533 2492/2562/533 2491/2563/533 2493/2564/533
f 2490/2565/532 2495/2566/532 2494/2567/532 2493/2568/532
f 2495/2569/539 2489/2570/539 2492/2571/539 2494/2572/539
f 2484/2551/533 2472/2573/533 2495/2574/533 2490/2552/533
f 2472/2573/533 2483/2547/533 2489/2550/533 2495/2574/533
f 2468/2575/533 2496/2576/533 2483/2547/533 2472/2573/533
f 2483/2546/549 2496/2577/549 2469/2578/549 2473/2531/549
f 2497/2579/546 2498/2580/546 2510/2581/546 2509/2582/546 2508/2583/546 2499/2584/546
f 2497/2585/542 2500/2586/542 2501/2587/542 2498/2588/542
f 2499/2589/541 2503/2590/541 2500/2586/541 2497/2585/541
f 2501/2591/550 2500/2592/550 2502/2593/550 2513/2594/550
f 2500/2592/551 2503/2595/551 2504/2596/551 2502/2593/551
f 2503/2597/552 2505/2598/552 2506/2599/552 2504/2600/552
f 2508/2601/539 2505/2598/539 2503/2597/539 2499/2602/539
f 2505/2603/553 2507/2604/553 2514/2605/553 2506/2606/553
f 2509/2607/535 2507/2608/535 2505/2609/535 2508/2610/535
f 2510/2611/534 2511/2612/534 2507/2608/534 2509/2607/534
f 2498/2613/543 2501/2614/543 2511/2615/543 2510/2616/543
f 2507/2604/554 2511/2617/554 2512/2618/554 2514/2605/554
f 2511/2615/555 2501/2614/555 2513/2619/555 2512/2620/555
f 2513/2594/533 2502/2593/533 2504/2596/533 2506/2606/533 2514/2605/533 2512/2618/533
f 2516/2621/549 2520/2622/549 2518/2623/549 2515/2624/549
f 2515/2625/539 2517/2626/539 2544/2627/539 2516/2628/539
f 2518/2629/533 2521/2630/533 2517/2631/533 2515/2632/533
f 2518/2623/549 2519/2633/549 2525/2634/549 2524/2635/549 2522/2636/549
f 2520/2622/549 2532/2637/549 2519/2633/549 2518/2623/549
f 2521/2638/539 2518/2639/539 2522/2640/539 2523/2641/539
f 2524/2642/556 2526/2643/556 2523/2644/556 2522/2645/556
f 2525/2646/557 2527/2647/557 2526/2643/557 2524/2642/557
f 2528/2648/532 2521/2649/532 2523/2650/532 2526/2651/532 2527/2652/532
f 2519/2653/543 2528/2654/543 2527/2655/543 2525/2656/543
f 2536/2657/533 2529/2658/533 2528/2659/533 2519/2660/533
f 2534/2661/532 2530/2662/532 2528/2648/532 2529/2663/532
f 2530/2662/532 2531/2664/532 2521/2649/532 2528/2648/532
f 2531/2665/546 2530/2666/546 2533/2667/546 2537/2668/546
f 2532/2669/546 2530/2666/546 2534/2670/546 2535/2671/546
f 2530/2666/546 2532/2669/546 2538/2672/546 2533/2667/546
f 2532/2637/549 2535/2673/549 2536/2674/549 2519/2633/549
f 2537/2675/532 2533/2676/532 2539/2677/532 2540/2678/532
f 2533/2679/543 2538/2680/543 2541/2681/543 2539/2682/543
f 2542/2683/546 2540/2684/546 2539/2685/546 2541/2686/546
f 2538/2687/549 2543/2688/549 2542/2689/549 2541/2690/549
f 2543/2691/539 2537/2692/539 2540/2693/539 2542/2694/539
f 2532/2669/546 2520/2695/546 2543/2696/546 2538/2672/546
f 2520/2695/546 2531/2665/546 2537/2668/546 2543/2696/546
f 2516/2697/546 2544/2698/546 2531/2665/546 2520/2695/546
f 2531/2664/532 2544/2699/532 2517/2700/532 2521/2649/532
f 2487/2701/543 2486/2702/543 2481/2703/543 2488/2704/543
f 2535/2705/543 2534/2706/543 2529/2707/543 2536/2708/543
f 2529/2709/546 2481/2540/546 2488/2539/546 2536/2710/546
f 2481/2545/549 2529/2711/549 2534/2712/549 2486/2543/549
o picture.002_Cube.002
v -3.134367 1.084001 -2.391287
v -3.134367 1.084001 -1.294472
v -3.134367 2.180816 -2.391287
v -3.134367 2.180816 -1.294472
vn 1.0000 -0.0000 -0.0000
vt 0.594364 0.405636
vt 0.594364 0.000100
vt 0.999900 0.000100
vt 0.999900 0.405636
s 1
usemtl painting
f 2545/2713/558 2547/2714/558 2548/2715/558 2546/2716/558
o picture.004_Cube.003
v 3.134367 1.084001 -3.047441
v 3.134367 1.084001 -1.950626
v 3.134367 2.180816 -1.950626
v 3.134367 2.180816 -3.047441
vn -1.0000 -0.0000 -0.0000
vt 0.507045 0.492955
vt 0.507045 0.999875
vt 0.000125 0.999875
vt 0.000125 0.492955
s 1
usemtl painting
f 2550/2717/559 2551/2718/559 2552/2719/559 2549/2720/559
o picture_Cube.001
v -3.134367 1.084001 0.834445
v -3.134367 1.084001 1.931261
v -3.134367 2.180816 0.834445
v -3.134367 2.180816 1.931261
vn 1.0000 -0.0000 -0.0000
vt 0.094364 0.000078
vt 0.499999 0.000077
vt 0.500000 0.405712
vt 0.094365 0.405713
s 1
usemtl painting
f 2553/2721/560 2555/2722/560 2556/2723/560 2554/2724/560
o picture_frame.001_Cube.005
v 3.090404 1.016140 1.544080
v 3.090404 1.016140 0.311543
v 3.090404 2.248677 1.544080
v 3.165665 1.016140 1.544080
v 3.090404 1.084001 1.476220
v 3.090404 1.084001 0.379405
v 3.090404 2.180816 1.476220
v 3.134367 1.084001 1.476220
v 3.134367 1.084001 0.379405
v 3.134367 2.180816 1.476220
v 3.134367 2.180816 0.379405
v 3.090404 2.180816 0.379405
v 3.090404 2.248677 0.311543
v 3.165665 2.248677 0.311543
v 3.165665 1.016140 0.311543
v 3.165665 2.248677 1.544080
vn -1.0000 -0.0000 -0.0000
vn -0.0000 -1.0000 -0.0000
vn -0.0000 -0.0000 1.0000
vn -0.0000 1.0000 -0.0000
vn -0.0000 -0.0000 -1.0000
vn 1.0000 -0.0000 -0.0000
vt 0.405636 0.594364
vt 0.405636 0.999900
vt 0.000100 0.999900
vt 0.000100 0.594364
vt 0.041448 0.069273
vt 0.041447 0.524990
vt 0.016356 0.499899
vt 0.016356 0.094365
vt 0.069275 0.069273
vt 0.069274 0.524990
vt 0.524991 0.524991
vt 0.524991 0.552818
vt 0.069274 0.552817
vt 0.499900 0.577909
vt 0.094365 0.577908
vt 0.000101 0.499899
vt 0.000100 0.094365
vt 0.499900 0.594164
vt 0.094365 0.594164
vt 0.577909 0.499901
vt 0.577910 0.094365
vt 0.594165 0.094365
vt 0.594165 0.499901
vt 0.499901 0.016356
vt 0.094366 0.016355
vt 0.094366 0.000100
vt 0.499901 0.000100
vt 0.552818 0.524991
vt 0.552819 0.069274
vt 0.524992 0.041447
vt 0.069275 0.041446
vt 0.524992 0.069274
s 1
usemtl painting
f 2564/2725/561 2566/2726/561 2567/2727/561 2565/2728/561
usemtl window_frame
f 2558/2729/561 2557/2730/561 2561/2731/561 2562/2732/561
f 2558/2729/562 2571/2733/562 2560/2734/562 2557/2730/562
f 2560/2734/563 2572/2735/563 2559/2736/563 2557/2737/563
f 2557/2737/561 2559/2736/561 2563/2738/561 2561/2739/561
f 2562/2732/564 2561/2731/564 2564/2740/564 2565/2741/564
f 2561/2739/565 2563/2738/565 2566/2742/565 2564/2743/565
f 2563/2744/562 2568/2745/562 2567/2746/562 2566/2747/562
f 2568/2748/563 2562/2749/563 2565/2750/563 2567/2751/563
f 2559/2752/561 2569/2753/561 2568/2745/561 2563/2744/561
f 2569/2754/561 2558/2755/561 2562/2749/561 2568/2748/561
f 2570/2756/564 2569/2753/564 2559/2752/564 2572/2735/564
f 2558/2755/565 2569/2754/565 2570/2756/565 2571/2733/565
f 2571/2733/566 2570/2756/566 2572/2735/566 2560/2734/566
o picture_frame.002_Cube.016
v -3.090404 1.016140 -2.459147
v -3.090403 1.016140 -1.226610
v -3.090404 2.248677 -2.459147
v -3.165665 1.016140 -2.459147
v -3.090404 1.084001 -2.391287
v -3.090403 1.084001 -1.294472
v -3.090404 2.180816 -2.391287
v -3.134367 1.084001 -2.391287
v -3.134367 1.084001 -1.294472
v -3.134367 2.180816 -2.391287
v -3.134367 2.180816 -1.294472
v -3.090403 2.180816 -1.294472
v -3.090403 2.248677 -1.226610
v -3.165665 2.248677 -1.226610
v -3.165665 1.016140 -1.226610
v -3.165665 2.248677 -2.459147
vn 1.0000 -0.0000 -0.0000
vn -0.0000 -1.0000 -0.0000
vn -0.0000 -0.0000 -1.0000
vn -0.0000 1.0000 -0.0000
vn -0.0000 -0.0000 1.0000
vn -1.0000 -0.0000 -0.0000
vt 0.041446 0.069274
vt 0.041446 0.524990
vt 0.016355 0.499900
vt 0.016355 0.094365
vt 0.069274 0.069274
vt 0.069273 0.524990
vt 0.524990 0.524991
vt 0.524990 0.552818
vt 0.069273 0.552818
vt 0.499900 0.577909
vt 0.094364 0.577909
vt 0.000100 0.499900
vt 0.000100 0.094365
vt 0.499899 0.594164
vt 0.094364 0.594165
vt 0.577908 0.499901
vt 0.577909 0.094365
vt 0.594164 0.094365
vt 0.594164 0.499901
vt 0.499900 0.016356
vt 0.094365 0.016355
vt 0.094365 0.000100
vt 0.499900 0.000100
vt 0.552817 0.524991
vt 0.552818 0.069274
vt 0.524991 0.041447
vt 0.069274 0.041446
vt 0.524991 0.069274
s 1
usemtl window_frame
f 2574/2757/567 2573/2758/567 2577/2759/567 2578/2760/567
f 2574/2757/568 2587/2761/568 2576/2762/568 2573/2758/568
f 2576/2762/569 2588/2763/569 2575/2764/569 2573/2765/569
f 2573/2765/567 2575/2764/567 2579/2766/567 2577/2767/567
f 2578/2760/570 2577/2759/570 2580/2768/570 2581/2769/570
f 2577/2767/571 2579/2766/571 2582/2770/571 2580/2771/571
f 2579/2772/568 2584/2773/568 2583/2774/568 2582/2775/568
f 2584/2776/569 2578/2777/569 2581/2778/569 2583/2779/569
f 2575/2780/567 2585/2781/567 2584/2773/567 2579/2772/567
f 2585/2782/567 2574/2783/567 2578/2777/567 2584/2776/567
f 2586/2784/570 2585/2781/570 2575/2780/570 2588/2763/570
f 2574/2783/571 2585/2782/571 2586/2784/571 2587/2761/571
f 2587/2761/572 2586/2784/572 2588/2763/572 2576/2762/572
o picture_frame.003_Cube.018
v -3.090404 1.016140 0.766585
v -3.090403 1.016140 1.999121
v -3.090404 2.248677 0.766585
v -3.165665 1.016140 0.766585
v -3.090404 1.084001 0.834445
v -3.090403 1.084001 1.931261
v -3.090404 2.180816 0.834445
v -3.134367 1.084001 0.834445
v -3.134367 1.084001 1.931261
v -3.134367 2.180816 0.834445
v -3.134367 2.180816 1.931261
v -3.090403 2.180816 1.931261
v -3.090403 2.248677 1.999121
v -3.165665 2.248677 1.999122
v -3.165665 1.016140 1.999122
v -3.165665 2.248677 0.766585
vn 1.0000 -0.0000 -0.0000
vn -0.0000 -1.0000 -0.0000
vn -0.0000 -0.0000 -1.0000
vn -0.0000 1.0000 -0.0000
vn -0.0000 -0.0000 1.0000
vn -1.0000 -0.0000 -0.0000
vt 0.041434 0.474903
vt 0.041433 0.930732
vt 0.016336 0.905635
vt 0.016337 0.500000
vt 0.069268 0.474903
vt 0.069268 0.930732
vt 0.525097 0.930732
vt 0.525096 0.958566
vt 0.069268 0.958566
vt 0.499999 0.983663
vt 0.094365 0.983663
vt 0.000077 0.905635
vt 0.000078 0.500000
vt 0.500000 0.999922
vt 0.094365 0.999923
vt 0.578028 0.905634
vt 0.578028 0.500000
vt 0.594287 0.500000
vt 0.594287 0.905634
vt 0.499999 0.421972
vt 0.094365 0.421972
vt 0.094365 0.405713
vt 0.500000 0.405712
vt 0.552931 0.930732
vt 0.552931 0.474903
vt 0.525096 0.447069
vt 0.069268 0.447069
vt 0.525097 0.474903
s 1
usemtl window_frame
f 2590/2785/573 2589/2786/573 2593/2787/573 2594/2788/573
f 2590/2785/574 2603/2789/574 2592/2790/574 2589/2786/574
f 2592/2790/575 2604/2791/575 2591/2792/575 2589/2793/575
f 2589/2793/573 2591/2792/573 2595/2794/573 2593/2795/573
f 2594/2788/576 2593/2787/576 2596/2796/576 2597/2797/576
f 2593/2795/577 2595/2794/577 2598/2798/577 2596/2799/577
f 2595/2800/574 2600/2801/574 2599/2802/574 2598/2803/574
f 2600/2804/575 2594/2805/575 2597/2806/575 2599/2807/575
f 2591/2808/573 2601/2809/573 2600/2801/573 2595/2800/573
f 2601/2810/573 2590/2811/573 2594/2805/573 2600/2804/573
f 2602/2812/576 2601/2809/576 2591/2808/576 2604/2791/576
f 2590/2811/577 2601/2810/577 2602/2812/577 2603/2789/577
f 2603/2789/578 2602/2812/578 2604/2791/578 2592/2790/578
o picture_frame_Cube.004
v 3.090404 1.016140 -1.882765
v 3.090404 2.248677 -1.882765
v 3.090404 1.016140 -3.115302
v 3.090404 2.248677 -3.115302
v 3.165665 1.016140 -1.882765
v 3.165665 2.248677 -1.882765
v 3.165665 1.016140 -3.115302
v 3.165665 2.248677 -3.115302
v 3.090404 1.084001 -3.047441
v 3.090404 1.084001 -1.950626
v 3.090404 2.180816 -1.950626
v 3.090404 2.180816 -3.047441
v 3.134367 1.084001 -3.047441
v 3.134367 1.084001 -1.950626
v 3.134367 2.180816 -1.950626
v 3.134367 2.180816 -3.047441
vn -1.0000 -0.0000 -0.0000
vn -0.0000 -0.0000 -1.0000
vn 1.0000 -0.0000 -0.0000
vn -0.0000 -0.0000 1.0000
vn -0.0000 -1.0000 -0.0000
vn -0.0000 1.0000 -0.0000
vt 0.031085 0.051955
vt 0.031085 0.393743
vt 0.012266 0.374924
vt 0.012267 0.070773
vt 0.414614 0.051956
vt 0.414613 0.393743
vt 0.393743 0.393743
vt 0.393743 0.051956
vt 0.051955 0.393743
vt 0.051956 0.051955
vt 0.393743 0.031085
vt 0.051956 0.031084
vt 0.393743 0.414614
vt 0.051955 0.414613
vt 0.374925 0.012267
vt 0.070774 0.012266
vt 0.070774 0.000075
vt 0.374925 0.000075
vt 0.374924 0.433432
vt 0.070773 0.433431
vt 0.433432 0.070774
vt 0.433431 0.374925
vt 0.445623 0.070774
vt 0.445623 0.374925
vt 0.000075 0.374924
vt 0.000075 0.070773
vt 0.374924 0.445623
vt 0.070773 0.445623
s 1
usemtl window_frame
f 2605/2813/579 2606/2814/579 2615/2815/579 2614/2816/579
f 2607/2817/580 2608/2818/580 2612/2819/580 2611/2820/580
f 2611/2820/581 2612/2819/581 2610/2821/581 2609/2822/581
f 2609/2822/582 2610/2821/582 2606/2814/582 2605/2813/582
f 2607/2823/583 2611/2820/583 2609/2822/583 2605/2824/583
f 2612/2819/584 2608/2825/584 2606/2826/584 2610/2821/584
f 2613/2827/584 2614/2828/584 2618/2829/584 2617/2830/584
f 2606/2826/579 2608/2825/579 2616/2831/579 2615/2832/579
f 2607/2823/579 2605/2824/579 2614/2828/579 2613/2827/579
f 2608/2818/579 2607/2817/579 2613/2833/579 2616/2834/579
f 2616/2834/582 2613/2833/582 2617/2835/582 2620/2836/582
f 2614/2816/580 2615/2815/580 2619/2837/580 2618/2838/580
f 2615/2832/583 2616/2831/583 2620/2839/583 2619/2840/583
o window_Cube.008
v 3.158686 3.048000 -4.000000
v 3.158686 -0.000000 -4.000000
v -0.028367 3.048000 -4.000000
v 3.158686 3.048000 1.579835
v 3.158686 3.048000 3.931446
v 3.158686 2.032000 3.931446
v 1.052895 3.048000 3.931446
v -1.052895 3.048000 3.931446
v -3.158686 3.048000 3.931446
v -3.158686 2.032000 3.931446
v -3.158686 3.048000 -4.000000
v -3.158686 -0.000000 -4.000000
v -0.932945 3.047692 -4.000000
v -0.028567 3.048000 -3.993543
v -0.930996 2.016262 -4.000000
v -0.927185 -0.000000 -4.000000
v -0.025037 2.013363 -4.000000
v -0.930996 2.016262 -4.834525
v -0.927185 -0.000000 -4.834525
v -0.025037 2.013362 -4.834525
v -0.018569 0.003703 -4.834525
v -0.018777 -0.000000 -4.834525
v -0.018569 0.003703 -4.000000
v -0.018777 -0.000000 -4.000000
v -3.158686 0.000000 3.931446
v -3.158686 1.016000 3.931446
v -1.052895 0.000000 3.931446
v 1.052895 0.000000 3.931446
v 3.158686 0.000000 3.931446
v 3.158686 1.016000 3.931446
vn -0.0000 -0.0000 1.0000
vn -1.0000 -0.0000 -0.0000
vn -0.5774 0.5774 -0.5774
vn -0.7071 -0.0000 -0.7071
vn -0.5774 -0.5774 -0.5774
vn 0.5774 0.5774 -0.5774
vn 1.0000 -0.0000 -0.0000
vn 0.5774 -0.5774 -0.5774
vn 0.7071 -0.0000 -0.7071
vn 1.0000 0.0019 -0.0000
vn -0.0032 -1.0000 -0.0000
vn -1.0000 -0.0032 -0.0000
vn -0.9984 0.0561 -0.0000
vn -0.0000 1.0000 -0.0000
vn -0.0000 0.7071 -0.7071
vn -0.0000 -1.0000 -0.0000
vn -0.0000 -0.7071 -0.7071
vt 0.437422 0.556220
vt 0.478139 0.515765
vt 0.557227 0.437184
vt 0.682010 0.561675
vt 0.562443 0.681242
vt 0.993143 0.872809
vt 0.953288 0.912665
vt 0.913432 0.952520
vt 0.873577 0.992376
vt 0.781328 0.900127
vt 0.123059 0.002725
vt 0.434193 0.313858
vt 0.314626 0.433425
vt 0.003493 0.122291
vt 0.043348 0.082436
vt 0.083204 0.042580
vt 0.521730 0.401395
vt 0.442486 0.480339
vt 0.401949 0.520724
vt 0.173703 0.739551
vt 0.274044 0.739540
vt 0.314824 0.739551
vt 0.340125 0.199112
vt 0.340125 0.024342
vt 0.427591 0.024342
vt 0.427591 0.199112
vt 0.219971 0.376695
vt 0.250561 0.376695
vt 0.250561 0.404873
vt 0.219971 0.404873
vt 0.522707 0.022783
vt 0.522824 0.024445
vt 0.522544 0.198644
vt 0.610290 0.024585
vt 0.610010 0.198785
vt 0.008762 0.708660
vt 0.008762 0.710497
vt 0.509227 0.710497
vt 0.509227 0.708660
vt 0.456903 0.671116
vt 0.313666 0.671254
vt 0.313538 0.668750
vt 0.857847 0.076531
vt 0.809393 0.076531
vt 0.809393 0.032017
vt 0.857847 0.032017
vt 0.976875 0.076531
vt 0.976875 0.499593
vt 0.864553 0.499593
vt 0.752230 0.499593
vt 0.639907 0.499593
vt 0.639908 0.076531
vt 0.005110 0.647428
vt 0.008456 0.455411
vt 0.114785 0.649338
vt 0.008456 0.376695
vt 0.078943 0.376695
vt 0.149430 0.376695
vt 0.219916 0.376695
vt 0.219916 0.642184
vt 0.115142 0.641968
vt 0.412635 0.669619
vt 0.018059 0.668805
vt 0.412661 0.668805
s 1
usemtl walls
f 2623/2841/585 2637/2842/585 2643/2843/585 2622/2844/585 2621/2845/585
f 2622/2844/586 2649/2846/587 2650/2847/588 2626/2848/588 2625/2849/589 2624/2850/586 2621/2845/586
f 2645/2851/590 2632/2852/591 2631/2853/591 2629/2854/592 2630/2855/593 2646/2856/593
f 2632/2852/585 2636/2857/585 2635/2858/585 2633/2859/585 2631/2853/585
f 2631/2860/585 2633/2861/585 2623/2862/585
f 2635/2858/585 2637/2842/585 2623/2841/585 2633/2859/585
f 2635/2863/594 2636/2864/594 2639/2865/594 2638/2866/594
f 2637/2867/595 2635/2868/595 2638/2869/595 2640/2870/595
f 2642/2871/585 2641/2872/585 2640/2873/585 2638/2866/585 2639/2865/585
f 2643/2874/596 2637/2875/596 2640/2873/596 2641/2872/596
f 2644/2876/597 2643/2877/597 2641/2878/597 2642/2879/597
f 2622/2880/585 2643/2881/585 2644/2882/585
f 2649/2891/587 2648/2890/599 2647/2889/599 2645/2888/590 2646/2856/593 2630/2855/593 2629/2854/592 2628/2898/601 2627/2897/601 2625/2896/589 2626/2848/588 2650/2847/588
usemtl floor
f 2636/2883/598 2644/2884/598 2642/2885/598 2639/2886/598
f 2632/2887/598 2645/2888/590 2647/2889/599 2648/2890/599 2649/2891/587 2622/2892/598 2644/2884/598 2636/2883/598
usemtl ceiling
f 2621/2893/600 2624/2894/600 2623/2895/600
f 2623/2895/600 2624/2894/600 2625/2896/589 2627/2897/601 2628/2898/601 2629/2899/592 2631/2900/600 2634/2901/600
f 2634/2902/600 2631/2903/600 2623/2904/600
